synthetic_row_id,family_label,source_match_mode,source_row_id,source_raw_file_name,source_repo_full_name,cosine_similarity
45,F1_pumpfun_clone,source_raw_file_name,0,2723799947qq2022__solana-pumpfun-bot.json,2723799947qq2022/solana-pumpfun-bot,0.9999999999999964
46,F1_pumpfun_clone,source_raw_file_name,1,2kwkkk__solana-pumpfun-bot.json,2kwkkk/solana-pumpfun-bot,0.9999999999999964
47,F1_pumpfun_clone,source_raw_file_name,2,790659193qqch__solana-pumpfun-bot.json,790659193qqch/solana-pumpfun-bot,0.9999999999999964
48,F1_pumpfun_clone,source_raw_file_name,3,7arlystar__solana-pumpfun-bot.json,7arlystar/solana-pumpfun-bot,0.9999999999999964
49,F1_pumpfun_clone,source_raw_file_name,4,918715c83__solana-pumpfun-bot.json,918715c83/solana-pumpfun-bot,0.9999999999999964
50,F1_pumpfun_clone,source_raw_file_name,6,AmirhBeigi7zch6f__solana-pumpfun-bot.json,AmirhBeigi7zch6f/solana-pumpfun-bot,0.9999999999999964
51,F1_pumpfun_clone,source_raw_file_name,8,asmaamohamed0264__solana-pumpfun-bot.json,asmaamohamed0264/solana-pumpfun-bot,0.9999999999999964
52,F1_pumpfun_clone,source_raw_file_name,9,bog-us__solana-pumpfun-bot.json,bog-us/solana-pumpfun-bot,0.9999999999999964
53,F1_pumpfun_clone,source_raw_file_name,12,edparker89__solana-pumpfun-bot.json,edparker89/solana-pumpfun-bot,0.9999999999999964
54,F1_pumpfun_clone,source_raw_file_name,16,ii4272__solana-pumpfun-bot.json,ii4272/solana-pumpfun-bot,0.9999999999999964
55,F1_pumpfun_clone,source_raw_file_name,17,ijtye__solana-pumpfun-bot.json,ijtye/solana-pumpfun-bot,0.9999999999999964
56,F1_pumpfun_clone,source_raw_file_name,18,iwanjunaids__solana-pumpfun-bot.json,iwanjunaids/solana-pumpfun-bot,0.9999999999999964
57,F1_pumpfun_clone,source_raw_file_name,19,janmalece__solana-pumpfun-bot.json,janmalece/solana-pumpfun-bot,0.9999999999999964
58,F1_pumpfun_clone,source_raw_file_name,20,kay2x4__solana-pumpfun-bot.json,kay2x4/solana-pumpfun-bot,0.9999999999999964
59,F1_pumpfun_clone,source_raw_file_name,22,lan666as2dfur__solana-pumpfun-bot.json,lan666as2dfur/solana-pumpfun-bot,0.9999999999999964
60,F1_pumpfun_clone,source_raw_file_name,23,loveccat__solana-pumpfun-bot.json,loveccat/solana-pumpfun-bot,0.9999999999999964
61,F1_pumpfun_clone,source_raw_file_name,24,lukgria__solana-pumpfun-bot.json,lukgria/solana-pumpfun-bot,0.9999999999999964
62,F1_pumpfun_clone,source_raw_file_name,25,mdemetrial26rvk9w__solana-pumpfun-bot.json,mdemetrial26rvk9w/solana-pumpfun-bot,0.9999999999999964
63,F1_pumpfun_clone,source_raw_file_name,31,oumengwas__solana-pumpfun-bot.json,oumengwas/solana-pumpfun-bot,0.9999999999999964
64,F1_pumpfun_clone,source_raw_file_name,32,Rain-Rave5__solana-pumpfun-bot.json,Rain-Rave5/solana-pumpfun-bot,0.9999999999999964
65,F1_pumpfun_clone,source_raw_file_name,38,wc64561673347375__solana-pumpfun-bot.json,wc64561673347375/solana-pumpfun-bot,0.9999999999999964
66,F1_pumpfun_clone,source_raw_file_name,39,wj6942__solana-pumpfun-bot.json,wj6942/solana-pumpfun-bot,0.9999999999999964
67,F1_pumpfun_clone,source_raw_file_name,40,xnaotutu77765__solana-pumpfun-bot.json,xnaotutu77765/solana-pumpfun-bot,0.9999999999999964
68,F1_pumpfun_clone,source_raw_file_name,42,yvagSirKt__solana-pumpfun-bot.json,yvagSirKt/solana-pumpfun-bot,0.9999999999999964
69,F1_pumpfun_clone,source_raw_file_name,0,2723799947qq2022__solana-pumpfun-bot.json,2723799947qq2022/solana-pumpfun-bot,0.9999999999999964
70,F1_pumpfun_clone,source_raw_file_name,1,2kwkkk__solana-pumpfun-bot.json,2kwkkk/solana-pumpfun-bot,0.9999999999999964
71,F1_pumpfun_clone,source_raw_file_name,2,790659193qqch__solana-pumpfun-bot.json,790659193qqch/solana-pumpfun-bot,0.9999999999999964
72,F1_pumpfun_clone,source_raw_file_name,3,7arlystar__solana-pumpfun-bot.json,7arlystar/solana-pumpfun-bot,0.9999999999999964
73,F1_pumpfun_clone,source_raw_file_name,4,918715c83__solana-pumpfun-bot.json,918715c83/solana-pumpfun-bot,0.9999999999999964
74,F1_pumpfun_clone,source_raw_file_name,6,AmirhBeigi7zch6f__solana-pumpfun-bot.json,AmirhBeigi7zch6f/solana-pumpfun-bot,0.9999999999999964
75,F1_pumpfun_clone,source_raw_file_name,8,asmaamohamed0264__solana-pumpfun-bot.json,asmaamohamed0264/solana-pumpfun-bot,0.9999999999999964
76,F1_pumpfun_clone,source_raw_file_name,9,bog-us__solana-pumpfun-bot.json,bog-us/solana-pumpfun-bot,0.9999999999999964
77,F1_pumpfun_clone,source_raw_file_name,12,edparker89__solana-pumpfun-bot.json,edparker89/solana-pumpfun-bot,0.9999999999999964
78,F1_pumpfun_clone,source_raw_file_name,16,ii4272__solana-pumpfun-bot.json,ii4272/solana-pumpfun-bot,0.9999999999999964
79,F1_pumpfun_clone,source_raw_file_name,17,ijtye__solana-pumpfun-bot.json,ijtye/solana-pumpfun-bot,0.9999999999999964
80,F1_pumpfun_clone,source_raw_file_name,18,iwanjunaids__solana-pumpfun-bot.json,iwanjunaids/solana-pumpfun-bot,0.9999999999999964
81,F4_security_osint_cve,source_raw_file_name,5,adminlove520__VulnWatchDog.json,adminlove520/VulnWatchDog,1.0000000000000004
82,F4_security_osint_cve,source_raw_file_name,30,nocomp__poc-CVE-2001-1473.json,nocomp/poc-CVE-2001-1473,0.9984404362158309
83,F4_security_osint_cve,source_raw_file_name,37,themaxlpalfaboy__CVE-2025-54897-LAB.json,themaxlpalfaboy/CVE-2025-54897-LAB,0.9997974412417557
84,F4_security_osint_cve,source_raw_file_name,43,Zeeeepa__spyder-osint.json,Zeeeepa/spyder-osint,0.9996392269692776
85,F4_security_osint_cve,source_raw_file_name,44,Zeeeepa__spyder-osint2.json,Zeeeepa/spyder-osint2,0.9992767996354912
86,F4_security_osint_cve,source_raw_file_name,5,adminlove520__VulnWatchDog.json,adminlove520/VulnWatchDog,1.0000000000000004
87,F4_security_osint_cve,source_raw_file_name,30,nocomp__poc-CVE-2001-1473.json,nocomp/poc-CVE-2001-1473,0.9875755902749761
88,F4_security_osint_cve,source_raw_file_name,37,themaxlpalfaboy__CVE-2025-54897-LAB.json,themaxlpalfaboy/CVE-2025-54897-LAB,0.9997974412417557
89,F4_security_osint_cve,source_raw_file_name,43,Zeeeepa__spyder-osint.json,Zeeeepa/spyder-osint,0.9996392269692776
90,F4_security_osint_cve,source_raw_file_name,44,Zeeeepa__spyder-osint2.json,Zeeeepa/spyder-osint2,0.9992767996354912
91,F4_security_osint_cve,source_raw_file_name,5,adminlove520__VulnWatchDog.json,adminlove520/VulnWatchDog,1.0000000000000004
92,F4_security_osint_cve,source_raw_file_name,30,nocomp__poc-CVE-2001-1473.json,nocomp/poc-CVE-2001-1473,0.9984404362158309
93,F4_security_osint_cve,source_raw_file_name,37,themaxlpalfaboy__CVE-2025-54897-LAB.json,themaxlpalfaboy/CVE-2025-54897-LAB,0.9997974412417557
94,F4_security_osint_cve,source_raw_file_name,43,Zeeeepa__spyder-osint.json,Zeeeepa/spyder-osint,0.9966075108745049
95,F4_security_osint_cve,source_raw_file_name,44,Zeeeepa__spyder-osint2.json,Zeeeepa/spyder-osint2,0.9992767996354912
96,F4_security_osint_cve,source_raw_file_name,5,adminlove520__VulnWatchDog.json,adminlove520/VulnWatchDog,1.0000000000000004
97,F4_security_osint_cve,source_raw_file_name,30,nocomp__poc-CVE-2001-1473.json,nocomp/poc-CVE-2001-1473,0.9984404362158309
98,F4_security_osint_cve,source_raw_file_name,37,themaxlpalfaboy__CVE-2025-54897-LAB.json,themaxlpalfaboy/CVE-2025-54897-LAB,0.9997974412417557
99,F4_security_osint_cve,source_raw_file_name,43,Zeeeepa__spyder-osint.json,Zeeeepa/spyder-osint,0.9966075108745049
100,F4_security_osint_cve,source_raw_file_name,44,Zeeeepa__spyder-osint2.json,Zeeeepa/spyder-osint2,0.9992767996354912
101,F4_security_osint_cve,source_raw_file_name,5,adminlove520__VulnWatchDog.json,adminlove520/VulnWatchDog,1.0000000000000004
102,F4_security_osint_cve,source_raw_file_name,30,nocomp__poc-CVE-2001-1473.json,nocomp/poc-CVE-2001-1473,0.9875755902749761
103,F4_security_osint_cve,source_raw_file_name,37,themaxlpalfaboy__CVE-2025-54897-LAB.json,themaxlpalfaboy/CVE-2025-54897-LAB,0.9997974412417557
104,F4_security_osint_cve,source_raw_file_name,43,Zeeeepa__spyder-osint.json,Zeeeepa/spyder-osint,0.9975676043061595
105,F4_security_osint_cve,source_raw_file_name,44,Zeeeepa__spyder-osint2.json,Zeeeepa/spyder-osint2,0.9992767996354912
106,F4_security_osint_cve,source_raw_file_name,5,adminlove520__VulnWatchDog.json,adminlove520/VulnWatchDog,1.0000000000000004
107,F4_security_osint_cve,source_raw_file_name,30,nocomp__poc-CVE-2001-1473.json,nocomp/poc-CVE-2001-1473,0.9984404362158309
108,F4_security_osint_cve,source_raw_file_name,37,themaxlpalfaboy__CVE-2025-54897-LAB.json,themaxlpalfaboy/CVE-2025-54897-LAB,0.9997974412417557
109,F4_security_osint_cve,source_raw_file_name,43,Zeeeepa__spyder-osint.json,Zeeeepa/spyder-osint,0.9996392269692776
110,F4_security_osint_cve,source_raw_file_name,44,Zeeeepa__spyder-osint2.json,Zeeeepa/spyder-osint2,0.9996414218404953
111,F4_security_osint_cve,source_raw_file_name,5,adminlove520__VulnWatchDog.json,adminlove520/VulnWatchDog,1.0000000000000004
112,F4_security_osint_cve,source_raw_file_name,30,nocomp__poc-CVE-2001-1473.json,nocomp/poc-CVE-2001-1473,0.9875755902749761
113,F4_security_osint_cve,source_raw_file_name,37,themaxlpalfaboy__CVE-2025-54897-LAB.json,themaxlpalfaboy/CVE-2025-54897-LAB,0.9997974412417557
114,F4_security_osint_cve,source_raw_file_name,43,Zeeeepa__spyder-osint.json,Zeeeepa/spyder-osint,0.9966075108745049
115,F4_security_osint_cve,source_raw_file_name,44,Zeeeepa__spyder-osint2.json,Zeeeepa/spyder-osint2,0.9996414218404953
116,F4_security_osint_cve,source_raw_file_name,5,adminlove520__VulnWatchDog.json,adminlove520/VulnWatchDog,1.0000000000000004
117,F4_security_osint_cve,source_raw_file_name,30,nocomp__poc-CVE-2001-1473.json,nocomp/poc-CVE-2001-1473,0.9984404362158309
118,F4_security_osint_cve,source_raw_file_name,37,themaxlpalfaboy__CVE-2025-54897-LAB.json,themaxlpalfaboy/CVE-2025-54897-LAB,0.9997974412417557
119,F4_security_osint_cve,source_raw_file_name,43,Zeeeepa__spyder-osint.json,Zeeeepa/spyder-osint,0.9966075108745049
120,F4_security_osint_cve,source_raw_file_name,44,Zeeeepa__spyder-osint2.json,Zeeeepa/spyder-osint2,0.9941818657156578
121,F4_security_osint_cve,source_raw_file_name,5,adminlove520__VulnWatchDog.json,adminlove520/VulnWatchDog,1.0000000000000004
122,F4_security_osint_cve,source_raw_file_name,30,nocomp__poc-CVE-2001-1473.json,nocomp/poc-CVE-2001-1473,0.9875755902749761
123,F4_security_osint_cve,source_raw_file_name,37,themaxlpalfaboy__CVE-2025-54897-LAB.json,themaxlpalfaboy/CVE-2025-54897-LAB,0.9997974412417557
124,F4_security_osint_cve,source_raw_file_name,43,Zeeeepa__spyder-osint.json,Zeeeepa/spyder-osint,0.9975676043061595
125,F4_security_osint_cve,source_raw_file_name,44,Zeeeepa__spyder-osint2.json,Zeeeepa/spyder-osint2,0.9941818657156578
126,F4_security_osint_cve,source_raw_file_name,5,adminlove520__VulnWatchDog.json,adminlove520/VulnWatchDog,1.0000000000000004
127,F4_security_osint_cve,source_raw_file_name,30,nocomp__poc-CVE-2001-1473.json,nocomp/poc-CVE-2001-1473,0.9875755902749761
128,F4_security_osint_cve,source_raw_file_name,37,themaxlpalfaboy__CVE-2025-54897-LAB.json,themaxlpalfaboy/CVE-2025-54897-LAB,0.9997974412417557
129,F4_security_osint_cve,source_raw_file_name,43,Zeeeepa__spyder-osint.json,Zeeeepa/spyder-osint,0.9996392269692776
130,F4_security_osint_cve,source_raw_file_name,44,Zeeeepa__spyder-osint2.json,Zeeeepa/spyder-osint2,0.9941818657156578
131,F4_security_osint_cve,source_raw_file_name,5,adminlove520__VulnWatchDog.json,adminlove520/VulnWatchDog,1.0000000000000004
132,F4_security_osint_cve,source_raw_file_name,30,nocomp__poc-CVE-2001-1473.json,nocomp/poc-CVE-2001-1473,0.9984404362158309
133,F4_security_osint_cve,source_raw_file_name,37,themaxlpalfaboy__CVE-2025-54897-LAB.json,themaxlpalfaboy/CVE-2025-54897-LAB,0.9997974412417557
134,F4_security_osint_cve,source_raw_file_name,43,Zeeeepa__spyder-osint.json,Zeeeepa/spyder-osint,0.9975676043061595
135,F4_security_osint_cve,source_raw_file_name,44,Zeeeepa__spyder-osint2.json,Zeeeepa/spyder-osint2,0.9992767996354912
136,F3_web3_platform_app,source_raw_file_name,7,arliawhite__rentverse.json,arliawhite/rentverse,0.9999999999999999
137,F3_web3_platform_app,source_raw_file_name,10,clixlogix__blockchain-dev.json,clixlogix/blockchain-dev,1.0
138,F3_web3_platform_app,source_raw_file_name,21,knightsdex__knightsbridge-dex.json,knightsdex/knightsbridge-dex,0.9390126433255702
139,F3_web3_platform_app,source_raw_file_name,26,MentarisHub121__TokenPresaleApp.json,MentarisHub121/TokenPresaleApp,0.9998589121529806
140,F3_web3_platform_app,source_raw_file_name,28,mirzamudassir__blocknovas-nyx-public.json,mirzamudassir/blocknovas-nyx-public,0.9918775564058044
141,F3_web3_platform_app,source_raw_file_name,35,SuperDev313__Trading_Platform_Ultrax.json,SuperDev313/Trading_Platform_Ultrax,1.0
142,F3_web3_platform_app,source_raw_file_name,36,ta3pks__Decentralized-Social.json,ta3pks/Decentralized-Social,1.0000000000000002
143,F3_web3_platform_app,source_raw_file_name,41,xorostar__blocknovas-llc-currency-converter-task.json,xorostar/blocknovas-llc-currency-converter-task,1.0000000000000033
144,F3_web3_platform_app,source_raw_file_name,7,arliawhite__rentverse.json,arliawhite/rentverse,0.9999999999999999
145,F3_web3_platform_app,source_raw_file_name,10,clixlogix__blockchain-dev.json,clixlogix/blockchain-dev,1.0
146,F3_web3_platform_app,source_raw_file_name,21,knightsdex__knightsbridge-dex.json,knightsdex/knightsbridge-dex,0.9390126433255702
147,F3_web3_platform_app,source_raw_file_name,26,MentarisHub121__TokenPresaleApp.json,MentarisHub121/TokenPresaleApp,0.9998589121529806
148,F3_web3_platform_app,source_raw_file_name,28,mirzamudassir__blocknovas-nyx-public.json,mirzamudassir/blocknovas-nyx-public,0.9918775564058044
149,F3_web3_platform_app,source_raw_file_name,35,SuperDev313__Trading_Platform_Ultrax.json,SuperDev313/Trading_Platform_Ultrax,1.0
150,F3_web3_platform_app,source_raw_file_name,36,ta3pks__Decentralized-Social.json,ta3pks/Decentralized-Social,1.0000000000000002
151,F3_web3_platform_app,source_raw_file_name,41,xorostar__blocknovas-llc-currency-converter-task.json,xorostar/blocknovas-llc-currency-converter-task,0.9940706062615584
152,F3_web3_platform_app,source_raw_file_name,7,arliawhite__rentverse.json,arliawhite/rentverse,0.9999999999999999
153,F3_web3_platform_app,source_raw_file_name,10,clixlogix__blockchain-dev.json,clixlogix/blockchain-dev,1.0
154,F3_web3_platform_app,source_raw_file_name,21,knightsdex__knightsbridge-dex.json,knightsdex/knightsbridge-dex,1.0
155,F3_web3_platform_app,source_raw_file_name,26,MentarisHub121__TokenPresaleApp.json,MentarisHub121/TokenPresaleApp,0.9708593172391926
156,F3_web3_platform_app,source_raw_file_name,28,mirzamudassir__blocknovas-nyx-public.json,mirzamudassir/blocknovas-nyx-public,1.0000000000000033
157,F3_web3_platform_app,source_raw_file_name,35,SuperDev313__Trading_Platform_Ultrax.json,SuperDev313/Trading_Platform_Ultrax,1.0
158,F3_web3_platform_app,source_raw_file_name,36,ta3pks__Decentralized-Social.json,ta3pks/Decentralized-Social,0.959094161598466
159,F3_web3_platform_app,source_raw_file_name,41,xorostar__blocknovas-llc-currency-converter-task.json,xorostar/blocknovas-llc-currency-converter-task,0.9918775564058044
160,F3_web3_platform_app,source_raw_file_name,7,arliawhite__rentverse.json,arliawhite/rentverse,0.9999999999999999
161,F3_web3_platform_app,source_raw_file_name,10,clixlogix__blockchain-dev.json,clixlogix/blockchain-dev,1.0
162,F3_web3_platform_app,source_raw_file_name,21,knightsdex__knightsbridge-dex.json,knightsdex/knightsbridge-dex,1.0
163,F3_web3_platform_app,source_raw_file_name,26,MentarisHub121__TokenPresaleApp.json,MentarisHub121/TokenPresaleApp,0.9775617255044118
164,F3_web3_platform_app,source_raw_file_name,28,mirzamudassir__blocknovas-nyx-public.json,mirzamudassir/blocknovas-nyx-public,1.0000000000000033
165,F3_web3_platform_app,source_raw_file_name,35,SuperDev313__Trading_Platform_Ultrax.json,SuperDev313/Trading_Platform_Ultrax,1.0
166,F3_web3_platform_app,source_raw_file_name,36,ta3pks__Decentralized-Social.json,ta3pks/Decentralized-Social,1.0000000000000002
167,F3_web3_platform_app,source_raw_file_name,41,xorostar__blocknovas-llc-currency-converter-task.json,xorostar/blocknovas-llc-currency-converter-task,0.9940706062615584
168,F3_web3_platform_app,source_raw_file_name,7,arliawhite__rentverse.json,arliawhite/rentverse,0.9999999999999999
169,F3_web3_platform_app,source_raw_file_name,10,clixlogix__blockchain-dev.json,clixlogix/blockchain-dev,1.0
170,F3_web3_platform_app,source_raw_file_name,21,knightsdex__knightsbridge-dex.json,knightsdex/knightsbridge-dex,0.9789682020625253
171,F3_web3_platform_app,source_raw_file_name,26,MentarisHub121__TokenPresaleApp.json,MentarisHub121/TokenPresaleApp,0.9998589121529806
172,F3_web3_platform_app,source_raw_file_name,28,mirzamudassir__blocknovas-nyx-public.json,mirzamudassir/blocknovas-nyx-public,0.9805345972977938
173,F3_web3_platform_app,source_raw_file_name,35,SuperDev313__Trading_Platform_Ultrax.json,SuperDev313/Trading_Platform_Ultrax,1.0
174,F3_web3_platform_app,source_raw_file_name,36,ta3pks__Decentralized-Social.json,ta3pks/Decentralized-Social,1.0000000000000002
175,F3_web3_platform_app,source_raw_file_name,41,xorostar__blocknovas-llc-currency-converter-task.json,xorostar/blocknovas-llc-currency-converter-task,1.0000000000000033
176,F3_web3_platform_app,source_raw_file_name,7,arliawhite__rentverse.json,arliawhite/rentverse,0.9999999999999999
177,F3_web3_platform_app,source_raw_file_name,10,clixlogix__blockchain-dev.json,clixlogix/blockchain-dev,1.0
178,F3_web3_platform_app,source_raw_file_name,21,knightsdex__knightsbridge-dex.json,knightsdex/knightsbridge-dex,1.0
179,F3_web3_platform_app,source_raw_file_name,26,MentarisHub121__TokenPresaleApp.json,MentarisHub121/TokenPresaleApp,0.9775617255044118
180,F3_web3_platform_app,source_raw_file_name,28,mirzamudassir__blocknovas-nyx-public.json,mirzamudassir/blocknovas-nyx-public,1.0000000000000033
181,F3_web3_platform_app,source_raw_file_name,35,SuperDev313__Trading_Platform_Ultrax.json,SuperDev313/Trading_Platform_Ultrax,1.0
182,F3_web3_platform_app,source_raw_file_name,36,ta3pks__Decentralized-Social.json,ta3pks/Decentralized-Social,1.0000000000000002
183,F3_web3_platform_app,source_raw_file_name,41,xorostar__blocknovas-llc-currency-converter-task.json,xorostar/blocknovas-llc-currency-converter-task,0.9805345972977938
184,F3_web3_platform_app,source_raw_file_name,7,arliawhite__rentverse.json,arliawhite/rentverse,0.9725088116175514
185,F3_web3_platform_app,source_raw_file_name,10,clixlogix__blockchain-dev.json,clixlogix/blockchain-dev,1.0
186,F3_web3_platform_app,source_raw_file_name,21,knightsdex__knightsbridge-dex.json,knightsdex/knightsbridge-dex,1.0
187,F3_web3_platform_app,source_raw_file_name,26,MentarisHub121__TokenPresaleApp.json,MentarisHub121/TokenPresaleApp,0.9324969577243789
188,F2_crypto_trading_bot,source_raw_file_name,11,dev-protocol__polymarket-copytrading-bot-sport.json,dev-protocol/polymarket-copytrading-bot-sport,0.9937109527098104
189,F2_crypto_trading_bot,source_raw_file_name,14,FaceOFWood__SniperBot-Solana-PumpSwap.json,FaceOFWood/SniperBot-Solana-PumpSwap,0.9948060391652795
190,F2_crypto_trading_bot,source_raw_file_name,15,harshith-vaddiparthy__quant-bot.json,harshith-vaddiparthy/quant-bot,1.000000000000038
191,F2_crypto_trading_bot,source_raw_file_name,29,Morning-Star213__Solana-pumpfun-bot.json,Morning-Star213/Solana-pumpfun-bot,0.9622178387462299
192,F2_crypto_trading_bot,source_raw_file_name,11,dev-protocol__polymarket-copytrading-bot-sport.json,dev-protocol/polymarket-copytrading-bot-sport,0.9937109527098104
193,F2_crypto_trading_bot,source_raw_file_name,14,FaceOFWood__SniperBot-Solana-PumpSwap.json,FaceOFWood/SniperBot-Solana-PumpSwap,0.9871071019145232
194,F2_crypto_trading_bot,source_raw_file_name,15,harshith-vaddiparthy__quant-bot.json,harshith-vaddiparthy/quant-bot,1.000000000000038
195,F2_crypto_trading_bot,source_raw_file_name,29,Morning-Star213__Solana-pumpfun-bot.json,Morning-Star213/Solana-pumpfun-bot,0.9583346213175877
196,F2_crypto_trading_bot,source_raw_file_name,11,dev-protocol__polymarket-copytrading-bot-sport.json,dev-protocol/polymarket-copytrading-bot-sport,0.9934530714214546
197,F2_crypto_trading_bot,source_raw_file_name,14,FaceOFWood__SniperBot-Solana-PumpSwap.json,FaceOFWood/SniperBot-Solana-PumpSwap,0.9871071019145232
198,F2_crypto_trading_bot,source_raw_file_name,15,harshith-vaddiparthy__quant-bot.json,harshith-vaddiparthy/quant-bot,1.000000000000038
199,F2_crypto_trading_bot,source_raw_file_name,29,Morning-Star213__Solana-pumpfun-bot.json,Morning-Star213/Solana-pumpfun-bot,0.9651943313871727
200,F2_crypto_trading_bot,source_raw_file_name,11,dev-protocol__polymarket-copytrading-bot-sport.json,dev-protocol/polymarket-copytrading-bot-sport,0.9956778798094149
201,F2_crypto_trading_bot,source_raw_file_name,14,FaceOFWood__SniperBot-Solana-PumpSwap.json,FaceOFWood/SniperBot-Solana-PumpSwap,0.9847722038952054
202,F2_crypto_trading_bot,source_raw_file_name,15,harshith-vaddiparthy__quant-bot.json,harshith-vaddiparthy/quant-bot,1.000000000000038
203,F2_crypto_trading_bot,source_raw_file_name,29,Morning-Star213__Solana-pumpfun-bot.json,Morning-Star213/Solana-pumpfun-bot,0.9660584283084492
204,F2_crypto_trading_bot,source_raw_file_name,11,dev-protocol__polymarket-copytrading-bot-sport.json,dev-protocol/polymarket-copytrading-bot-sport,0.9934530714214546
205,F2_crypto_trading_bot,source_raw_file_name,14,FaceOFWood__SniperBot-Solana-PumpSwap.json,FaceOFWood/SniperBot-Solana-PumpSwap,0.9847722038952054
206,F2_crypto_trading_bot,source_raw_file_name,15,harshith-vaddiparthy__quant-bot.json,harshith-vaddiparthy/quant-bot,1.000000000000038
207,F2_crypto_trading_bot,source_raw_file_name,29,Morning-Star213__Solana-pumpfun-bot.json,Morning-Star213/Solana-pumpfun-bot,0.971696890530241
208,F2_crypto_trading_bot,source_raw_file_name,11,dev-protocol__polymarket-copytrading-bot-sport.json,dev-protocol/polymarket-copytrading-bot-sport,0.9934530714214546
209,F2_crypto_trading_bot,source_raw_file_name,14,FaceOFWood__SniperBot-Solana-PumpSwap.json,FaceOFWood/SniperBot-Solana-PumpSwap,0.9871071019145232
210,F2_crypto_trading_bot,source_raw_file_name,15,harshith-vaddiparthy__quant-bot.json,harshith-vaddiparthy/quant-bot,1.000000000000038
211,F2_crypto_trading_bot,source_raw_file_name,29,Morning-Star213__Solana-pumpfun-bot.json,Morning-Star213/Solana-pumpfun-bot,0.9628204822560121
212,F2_crypto_trading_bot,source_raw_file_name,11,dev-protocol__polymarket-copytrading-bot-sport.json,dev-protocol/polymarket-copytrading-bot-sport,0.9937109527098104
213,F2_crypto_trading_bot,source_raw_file_name,14,FaceOFWood__SniperBot-Solana-PumpSwap.json,FaceOFWood/SniperBot-Solana-PumpSwap,0.9871071019145232
214,F2_crypto_trading_bot,source_raw_file_name,15,harshith-vaddiparthy__quant-bot.json,harshith-vaddiparthy/quant-bot,1.000000000000038
215,F2_crypto_trading_bot,source_raw_file_name,29,Morning-Star213__Solana-pumpfun-bot.json,Morning-Star213/Solana-pumpfun-bot,0.9612625509829524
216,F2_crypto_trading_bot,source_raw_file_name,11,dev-protocol__polymarket-copytrading-bot-sport.json,dev-protocol/polymarket-copytrading-bot-sport,0.9956778798094149
217,F2_crypto_trading_bot,source_raw_file_name,14,FaceOFWood__SniperBot-Solana-PumpSwap.json,FaceOFWood/SniperBot-Solana-PumpSwap,0.9847722038952054
218,F2_crypto_trading_bot,source_raw_file_name,15,harshith-vaddiparthy__quant-bot.json,harshith-vaddiparthy/quant-bot,1.000000000000038
219,F2_crypto_trading_bot,source_raw_file_name,29,Morning-Star213__Solana-pumpfun-bot.json,Morning-Star213/Solana-pumpfun-bot,0.962166990771768
220,F2_crypto_trading_bot,source_raw_file_name,11,dev-protocol__polymarket-copytrading-bot-sport.json,dev-protocol/polymarket-copytrading-bot-sport,0.9937109527098104
221,F2_crypto_trading_bot,source_raw_file_name,14,FaceOFWood__SniperBot-Solana-PumpSwap.json,FaceOFWood/SniperBot-Solana-PumpSwap,0.9948060391652795
222,F2_crypto_trading_bot,source_raw_file_name,15,harshith-vaddiparthy__quant-bot.json,harshith-vaddiparthy/quant-bot,1.000000000000038
223,F2_crypto_trading_bot,source_raw_file_name,29,Morning-Star213__Solana-pumpfun-bot.json,Morning-Star213/Solana-pumpfun-bot,0.9660584283084492
224,F2_crypto_trading_bot,source_raw_file_name,11,dev-protocol__polymarket-copytrading-bot-sport.json,dev-protocol/polymarket-copytrading-bot-sport,0.9934530714214546
225,F2_crypto_trading_bot,source_raw_file_name,14,FaceOFWood__SniperBot-Solana-PumpSwap.json,FaceOFWood/SniperBot-Solana-PumpSwap,0.9871071019145232
226,F2_crypto_trading_bot,source_raw_file_name,15,harshith-vaddiparthy__quant-bot.json,harshith-vaddiparthy/quant-bot,1.000000000000038
227,F2_crypto_trading_bot,source_raw_file_name,29,Morning-Star213__Solana-pumpfun-bot.json,Morning-Star213/Solana-pumpfun-bot,0.9675802630187817
228,F2_crypto_trading_bot,source_raw_file_name,11,dev-protocol__polymarket-copytrading-bot-sport.json,dev-protocol/polymarket-copytrading-bot-sport,0.9937109527098104
229,F2_crypto_trading_bot,source_raw_file_name,14,FaceOFWood__SniperBot-Solana-PumpSwap.json,FaceOFWood/SniperBot-Solana-PumpSwap,0.9948060391652795
230,F2_crypto_trading_bot,source_raw_file_name,15,harshith-vaddiparthy__quant-bot.json,harshith-vaddiparthy/quant-bot,1.000000000000038
231,F2_crypto_trading_bot,source_raw_file_name,29,Morning-Star213__Solana-pumpfun-bot.json,Morning-Star213/Solana-pumpfun-bot,0.9716314334154647
232,F2_crypto_trading_bot,source_raw_file_name,11,dev-protocol__polymarket-copytrading-bot-sport.json,dev-protocol/polymarket-copytrading-bot-sport,0.9937109527098104
233,F2_crypto_trading_bot,source_raw_file_name,14,FaceOFWood__SniperBot-Solana-PumpSwap.json,FaceOFWood/SniperBot-Solana-PumpSwap,0.9871071019145232
234,F2_crypto_trading_bot,source_raw_file_name,15,harshith-vaddiparthy__quant-bot.json,harshith-vaddiparthy/quant-bot,1.000000000000038
235,F2_crypto_trading_bot,source_raw_file_name,29,Morning-Star213__Solana-pumpfun-bot.json,Morning-Star213/Solana-pumpfun-bot,0.9695813278590463
236,F2_crypto_trading_bot,source_raw_file_name,11,dev-protocol__polymarket-copytrading-bot-sport.json,dev-protocol/polymarket-copytrading-bot-sport,0.9937109527098104
237,F2_crypto_trading_bot,source_raw_file_name,14,FaceOFWood__SniperBot-Solana-PumpSwap.json,FaceOFWood/SniperBot-Solana-PumpSwap,0.9847722038952054
238,F2_crypto_trading_bot,source_raw_file_name,15,harshith-vaddiparthy__quant-bot.json,harshith-vaddiparthy/quant-bot,1.000000000000038
239,F2_crypto_trading_bot,source_raw_file_name,29,Morning-Star213__Solana-pumpfun-bot.json,Morning-Star213/Solana-pumpfun-bot,0.966892412259195
240,F2_crypto_trading_bot,source_raw_file_name,11,dev-protocol__polymarket-copytrading-bot-sport.json,dev-protocol/polymarket-copytrading-bot-sport,0.9934530714214546
241,F2_crypto_trading_bot,source_raw_file_name,14,FaceOFWood__SniperBot-Solana-PumpSwap.json,FaceOFWood/SniperBot-Solana-PumpSwap,0.9948060391652795
242,F2_crypto_trading_bot,source_raw_file_name,15,harshith-vaddiparthy__quant-bot.json,harshith-vaddiparthy/quant-bot,1.000000000000038
243,F2_crypto_trading_bot,source_raw_file_name,29,Morning-Star213__Solana-pumpfun-bot.json,Morning-Star213/Solana-pumpfun-bot,0.9685945549538305
244,F5_ai_media_demo,source_raw_file_name,13,eferos93__test4.json,eferos93/test4,0.9864724637021867
245,F5_ai_media_demo,source_raw_file_name,27,Metaldadisbad__HacxGPT.json,Metaldadisbad/HacxGPT,0.9998611292379287
246,F5_ai_media_demo,source_raw_file_name,33,rizvejoarder__SoraMax.json,rizvejoarder/SoraMax,0.9974091493734074
247,F5_ai_media_demo,source_raw_file_name,34,shivas1432__sora2-watermark-remover.json,shivas1432/sora2-watermark-remover,0.9887265785411711
248,F5_ai_media_demo,source_raw_file_name,13,eferos93__test4.json,eferos93/test4,0.9818113671227644
249,F5_ai_media_demo,source_raw_file_name,27,Metaldadisbad__HacxGPT.json,Metaldadisbad/HacxGPT,0.9998611292379287
250,F5_ai_media_demo,source_raw_file_name,33,rizvejoarder__SoraMax.json,rizvejoarder/SoraMax,0.9974091493734074
251,F5_ai_media_demo,source_raw_file_name,34,shivas1432__sora2-watermark-remover.json,shivas1432/sora2-watermark-remover,0.9775112723439748
252,F5_ai_media_demo,source_raw_file_name,13,eferos93__test4.json,eferos93/test4,0.9445480922704473
253,F5_ai_media_demo,source_raw_file_name,27,Metaldadisbad__HacxGPT.json,Metaldadisbad/HacxGPT,0.9998611292379287
254,F5_ai_media_demo,source_raw_file_name,33,rizvejoarder__SoraMax.json,rizvejoarder/SoraMax,0.9934002620688408
255,F5_ai_media_demo,source_raw_file_name,34,shivas1432__sora2-watermark-remover.json,shivas1432/sora2-watermark-remover,0.9952867366054071
256,F5_ai_media_demo,source_raw_file_name,13,eferos93__test4.json,eferos93/test4,0.9452327002082109
257,F5_ai_media_demo,source_raw_file_name,27,Metaldadisbad__HacxGPT.json,Metaldadisbad/HacxGPT,0.9998611292379287
258,F5_ai_media_demo,source_raw_file_name,33,rizvejoarder__SoraMax.json,rizvejoarder/SoraMax,0.9978362050655911
259,F5_ai_media_demo,source_raw_file_name,34,shivas1432__sora2-watermark-remover.json,shivas1432/sora2-watermark-remover,0.9965683662003362
260,F5_ai_media_demo,source_raw_file_name,13,eferos93__test4.json,eferos93/test4,0.940922231416045
261,F5_ai_media_demo,source_raw_file_name,27,Metaldadisbad__HacxGPT.json,Metaldadisbad/HacxGPT,0.9998611292379287
262,F5_ai_media_demo,source_raw_file_name,33,rizvejoarder__SoraMax.json,rizvejoarder/SoraMax,0.9934002620688408
263,F5_ai_media_demo,source_raw_file_name,34,shivas1432__sora2-watermark-remover.json,shivas1432/sora2-watermark-remover,0.991197156051376
264,F5_ai_media_demo,source_raw_file_name,13,eferos93__test4.json,eferos93/test4,0.9824104176683901
265,F5_ai_media_demo,source_raw_file_name,27,Metaldadisbad__HacxGPT.json,Metaldadisbad/HacxGPT,0.9948288609722817
266,F5_ai_media_demo,source_raw_file_name,33,rizvejoarder__SoraMax.json,rizvejoarder/SoraMax,0.9999641116121077
267,F5_ai_media_demo,source_raw_file_name,34,shivas1432__sora2-watermark-remover.json,shivas1432/sora2-watermark-remover,0.9784640550806122
268,F5_ai_media_demo,source_raw_file_name,13,eferos93__test4.json,eferos93/test4,0.9643166712098784
269,F5_ai_media_demo,source_raw_file_name,27,Metaldadisbad__HacxGPT.json,Metaldadisbad/HacxGPT,0.9738664734698436
270,F5_ai_media_demo,source_raw_file_name,33,rizvejoarder__SoraMax.json,rizvejoarder/SoraMax,0.9999641116121077
271,F5_ai_media_demo,source_raw_file_name,34,shivas1432__sora2-watermark-remover.json,shivas1432/sora2-watermark-remover,0.9705537962386179
272,F5_ai_media_demo,source_raw_file_name,13,eferos93__test4.json,eferos93/test4,0.9723023518915082
273,F5_ai_media_demo,source_raw_file_name,27,Metaldadisbad__HacxGPT.json,Metaldadisbad/HacxGPT,0.9998611292379287
274,F5_ai_media_demo,source_raw_file_name,33,rizvejoarder__SoraMax.json,rizvejoarder/SoraMax,0.9999641116121077
275,F5_ai_media_demo,source_raw_file_name,34,shivas1432__sora2-watermark-remover.json,shivas1432/sora2-watermark-remover,0.991197156051376
276,F5_ai_media_demo,source_raw_file_name,13,eferos93__test4.json,eferos93/test4,0.9415202971488219
277,F5_ai_media_demo,source_raw_file_name,27,Metaldadisbad__HacxGPT.json,Metaldadisbad/HacxGPT,0.9998611292379287
278,F5_ai_media_demo,source_raw_file_name,33,rizvejoarder__SoraMax.json,rizvejoarder/SoraMax,0.9934002620688408
279,F5_ai_media_demo,source_raw_file_name,34,shivas1432__sora2-watermark-remover.json,shivas1432/sora2-watermark-remover,0.991197156051376
280,F5_ai_media_demo,source_raw_file_name,13,eferos93__test4.json,eferos93/test4,0.97683753050151
281,F5_ai_media_demo,source_raw_file_name,27,Metaldadisbad__HacxGPT.json,Metaldadisbad/HacxGPT,0.9948288609722817
282,F5_ai_media_demo,source_raw_file_name,33,rizvejoarder__SoraMax.json,rizvejoarder/SoraMax,0.9974091493734074
283,F5_ai_media_demo,source_raw_file_name,34,shivas1432__sora2-watermark-remover.json,shivas1432/sora2-watermark-remover,0.983502222346327
284,F5_ai_media_demo,source_raw_file_name,13,eferos93__test4.json,eferos93/test4,0.9858683911811581
285,F5_ai_media_demo,source_raw_file_name,27,Metaldadisbad__HacxGPT.json,Metaldadisbad/HacxGPT,0.9998611292379287
286,F5_ai_media_demo,source_raw_file_name,33,rizvejoarder__SoraMax.json,rizvejoarder/SoraMax,0.9934002620688408
287,F5_ai_media_demo,source_raw_file_name,34,shivas1432__sora2-watermark-remover.json,shivas1432/sora2-watermark-remover,0.9965683662003362
288,F5_ai_media_demo,source_raw_file_name,13,eferos93__test4.json,eferos93/test4,0.9823647442334286
289,F5_ai_media_demo,source_raw_file_name,27,Metaldadisbad__HacxGPT.json,Metaldadisbad/HacxGPT,0.9916321470891705
290,F5_ai_media_demo,source_raw_file_name,33,rizvejoarder__SoraMax.json,rizvejoarder/SoraMax,0.9999641116121077
291,F5_ai_media_demo,source_raw_file_name,34,shivas1432__sora2-watermark-remover.json,shivas1432/sora2-watermark-remover,0.9784640550806122
292,F5_ai_media_demo,source_raw_file_name,13,eferos93__test4.json,eferos93/test4,0.9858683911811581
293,F5_ai_media_demo,source_raw_file_name,27,Metaldadisbad__HacxGPT.json,Metaldadisbad/HacxGPT,0.9738664734698436
294,F5_ai_media_demo,source_raw_file_name,33,rizvejoarder__SoraMax.json,rizvejoarder/SoraMax,0.9978362050655911
295,F5_ai_media_demo,source_raw_file_name,34,shivas1432__sora2-watermark-remover.json,shivas1432/sora2-watermark-remover,0.9816277094858699
296,F5_ai_media_demo,source_raw_file_name,13,eferos93__test4.json,eferos93/test4,0.9824104176683901
297,F5_ai_media_demo,source_raw_file_name,27,Metaldadisbad__HacxGPT.json,Metaldadisbad/HacxGPT,0.9738664734698436
298,F5_ai_media_demo,source_raw_file_name,33,rizvejoarder__SoraMax.json,rizvejoarder/SoraMax,0.9999641116121077
299,F5_ai_media_demo,source_raw_file_name,34,shivas1432__sora2-watermark-remover.json,shivas1432/sora2-watermark-remover,0.987513242850786
