feature,coef
OSINT,1.082912793584716
Note,0.8597716334836105
processing,0.8204416149523727
an automated,0.8032017724319803
is an,0.7221077091580741
and local,0.6707951595829712
Note This,0.6630989813172731
around,0.6609868275453936
This repository,0.6126466878575115
local,0.4652194510252212
utility,0.4647477534316411
practical,0.4606523688005114
local testing,0.4132404634722546
repository,0.4067450544317896
CVE-2025-54897-LAB,0.40401268740626556
built around,0.40102342519066975
repository contains,0.39625811071006584
profitable,0.3956620038167694
for Sora,0.3955603624816105
workflows,0.3799419946320621
HacxGPT HacxGPT,0.3791580166483563
SoraMax Ultimate,0.3790804675209931
demo,0.37598374288774167
intended,0.3685583640235443
repository is,0.3637831153798303
experimentation,0.3626762435366046
that watches,0.35321008484030236
watches,0.35321008484030236
is,0.33136106053298575
development,0.3101689749845067
includes,0.30968026694515266
An,0.3053939555541566
designed to,0.30227813155964217
designed,0.2961106688315638
experimental,0.2934530148880887
enhanced,0.29199039230249846
is built,0.2791753994866491
assessment,0.27153152130831715
The repository,0.25873548110473965
focuses,0.25873548110473965
focuses on,0.25873548110473965
Note The,0.25873548110473965
repository focuses,0.25873548110473965
implementation,0.25873548110473965
local development,0.25873548110473965
implementation and,0.25873548110473965
development flow,0.25873548110473965
on implementation,0.25873548110473965
flow,0.25873548110473965
and Raydium,0.2426781008173969
