sample_id,label,family,repo_full_name,source_type,fold,split,prob,pred_label
pos_243,1,F2_crypto_trading_bot,MorningStar2134v/Solana-pumpfun-bot,synthetic,1,test,0.99999726,1
pos_235,1,F2_crypto_trading_bot,MorningStar213mf/Solana-pumpfun-bot,synthetic,1,test,0.99999404,1
pos_271,1,F5_ai_media_demo,shivas1434/sora2-watermark-remover,synthetic,4,test,0.99998987,1
pos_255,1,F5_ai_media_demo,shivas143/sora2-watermark-remover,synthetic,4,test,0.99998975,1
pos_283,1,F5_ai_media_demo,shivas1432s/sora2-watermark-remover,synthetic,4,test,0.9999845,1
pos_263,1,F5_ai_media_demo,shivas1432o/sora2-watermark-remover,synthetic,4,test,0.9999825,1
pos_219,1,F2_crypto_trading_bot,MorningStar213q/Solana-pumpfun-bot,synthetic,1,test,0.9999825,1
pos_227,1,F2_crypto_trading_bot,MorningStar213h/Solana-pumpfun-bot,synthetic,1,test,0.9999795,1
pos_239,1,F2_crypto_trading_bot,MorningStar21397/Solana-pumpfun-bot,synthetic,1,test,0.99997854,1
pos_231,1,F2_crypto_trading_bot,MorningStar2131/Solana-pumpfun-bot,synthetic,1,test,0.99997115,1
pos_223,1,F2_crypto_trading_bot,MorningStar213j/Solana-pumpfun-bot,synthetic,1,test,0.99989104,1
pos_195,1,F2_crypto_trading_bot,MorningStar213/Solana-pumpfun-bot,synthetic,1,test,0.9998233,1
pos_203,1,F2_crypto_trading_bot,MorningStar2133/Solana-pumpfun-bot,synthetic,1,test,0.9998029,1
pos_295,1,F5_ai_media_demo,shivas14325/sora2-watermark-remover,synthetic,4,test,0.99979657,1
pos_34,1,F5_ai_media_demo,shivas1432/sora2-watermark-remover,original,4,test,0.99970406,1
pos_199,1,F2_crypto_trading_bot,MorningStar2132/Solana-pumpfun-bot,synthetic,1,test,0.9996724,1
pos_207,1,F2_crypto_trading_bot,MorningStar213o3/Solana-pumpfun-bot,synthetic,1,test,0.9995956,1
pos_29,1,F2_crypto_trading_bot,Morning-Star213/Solana-pumpfun-bot,original,1,test,0.9993333,1
pos_191,1,F2_crypto_trading_bot,MorningStar213ry/Solana-pumpfun-bot,synthetic,1,test,0.99895155,1
pos_259,1,F5_ai_media_demo,shivas1433/sora2-watermark-remover,synthetic,4,test,0.99893504,1
neg_1575,0,NEG::rstkey__whitelist_token.json,rstkey/whitelist_token,real_negative,4,test,0.99877447,1
neg_827,0,NEG::hclivess__qtrader.json,hclivess/qtrader,real_negative,0,test,0.99856746,1
pos_279,1,F5_ai_media_demo,shivas1435/sora2-watermark-remover,synthetic,4,test,0.9980122,1
pos_267,1,F5_ai_media_demo,shivas14323/sora2-watermark-remover,synthetic,4,test,0.9980122,1
pos_211,1,F2_crypto_trading_bot,MorningStar213gg/Solana-pumpfun-bot,synthetic,1,test,0.9975274,1
pos_291,1,F5_ai_media_demo,shivas14327/sora2-watermark-remover,synthetic,4,test,0.99711037,1
neg_1242,0,NEG::mradkov__decentralized-dns.json,mradkov/decentralized-dns,real_negative,1,test,0.9963642,1
pos_215,1,F2_crypto_trading_bot,MorningStar2132q/Solana-pumpfun-bot,synthetic,1,test,0.99346113,1
pos_299,1,F5_ai_media_demo,shivas1432a/sora2-watermark-remover,synthetic,4,test,0.99298817,1
neg_1553,0,NEG::rk98991439__Cryptocurrency-Wallet.json,rk98991439/Cryptocurrency-Wallet,real_negative,0,test,0.99293363,1
neg_632,0,NEG::ElromEvedElElyon__bitcoinbrasil.json,ElromEvedElElyon/bitcoinbrasil,real_negative,4,test,0.9928786,1
neg_1095,0,NEG::Lemury1__wallet_stealer.json,Lemury1/wallet_stealer,real_negative,4,test,0.98934746,1
neg_312,0,NEG::BlackPeter13__LightningTipBot.json,BlackPeter13/LightningTipBot,real_negative,1,test,0.9839091,1
neg_1249,0,NEG::mrsaad07__PropChain.json,mrsaad07/PropChain,real_negative,0,test,0.9814534,1
neg_1613,0,NEG::sava2109__Cryptography_project_PKI_smart_contract.json,sava2109/Cryptography_project_PKI_smart_contract,real_negative,1,test,0.97879136,1
neg_5,0,NEG::0x4543__zeta-crypto.json,0x4543/zeta-crypto,real_negative,0,test,0.9759464,1
neg_1209,0,NEG::milan338__totally-secure-dapp.json,milan338/totally-secure-dapp,real_negative,0,test,0.96432143,1
neg_2053,0,NEG::zzzizo__cig-chain.json,zzzizo/cig-chain,real_negative,4,test,0.96432143,1
pos_240,1,F2_crypto_trading_bot,bot-market3/polymarket-copytrading-bot-sport,synthetic,1,test,0.96095175,1
neg_1868,0,NEG::uhsr__CryptoKeyVaultManager.json,uhsr/CryptoKeyVaultManager,real_negative,1,test,0.95976204,1
neg_768,0,NEG::gmh5225__awesome-crypto-wallet-address.json,gmh5225/awesome-crypto-wallet-address,real_negative,3,test,0.94776917,1
neg_1121,0,NEG::lucas54neves__crypto-address-generator.json,lucas54neves/crypto-address-generator,real_negative,3,test,0.9433476,1
neg_2013,0,NEG::yatharth1444__Token-Wallet-on-ICP-Blockchain.json,yatharth1444/Token-Wallet-on-ICP-Blockchain,real_negative,1,test,0.94261247,1
pos_262,1,F5_ai_media_demo,rizvejoarder22/SoraMax,synthetic,4,test,0.94208187,1
neg_274,0,NEG::bchainexpt__Blockchain-wallet-andorid-app.json,bchainexpt/Blockchain-wallet-andorid-app,real_negative,0,test,0.93991333,1
neg_590,0,NEG::DixDev1621__BLOCKCHAIN-DeFi-Router.json,DixDev1621/BLOCKCHAIN-DeFi-Router,real_negative,0,test,0.9394706,1
neg_952,0,NEG::jeloooooo__solidity-cryptozombies.json,jeloooooo/solidity-cryptozombies,real_negative,1,test,0.93439513,1
pos_247,1,F5_ai_media_demo,shivas1432p/sora2-watermark-remover,synthetic,4,test,0.9339146,1
neg_1797,0,NEG::Tenosia__Wallet-Multi-SDK.json,Tenosia/Wallet-Multi-SDK,real_negative,0,test,0.9324533,1
neg_2020,0,NEG::YiJie-Zhu__Crypto-Identity.json,YiJie-Zhu/Crypto-Identity,real_negative,1,test,0.93045825,1
pos_287,1,F5_ai_media_demo,shivas14321/sora2-watermark-remover,synthetic,4,test,0.92523,1
neg_526,0,NEG::daulathussain__nfts-api-starter-file.json,daulathussain/nfts-api-starter-file,real_negative,0,test,0.9202897,1
neg_123,0,NEG::akhileshthite__dtube.json,akhileshthite/dtube,real_negative,1,test,0.9105454,1
neg_1650,0,NEG::shirley2749-dunn7__ethere1.json,shirley2749-dunn7/ethere1,real_negative,0,test,0.908618,1
neg_504,0,NEG::DanielDimitrov5__NFT-Marketplace-FE.json,DanielDimitrov5/NFT-Marketplace-FE,real_negative,0,test,0.8929365,1
neg_9,0,NEG::0xDeadList__0xDeadList.json,0xDeadList/0xDeadList,real_negative,0,test,0.88563144,1
pos_251,1,F5_ai_media_demo,shivas14322/sora2-watermark-remover,synthetic,4,test,0.87578696,1
pos_258,1,F5_ai_media_demo,rizvejoarder2/SoraMax,synthetic,4,test,0.86431044,1
neg_1036,0,NEG::kheopskit__kheopskit.json,kheopskit/kheopskit,real_negative,0,test,0.86339164,1
pos_212,1,F2_crypto_trading_bot,signal-labs/polymarket-copytrading-bot-sport,synthetic,1,test,0.85195273,1
pos_294,1,F5_ai_media_demo,rizvejoarde2/SoraMax,synthetic,4,test,0.8499712,1
pos_214,1,F2_crypto_trading_bot,harshithvaddiparthy2/quant-bot,synthetic,1,test,0.84695786,1
neg_246,0,NEG::Axentro__Axentro.json,Axentro/Axentro,real_negative,3,test,0.8418256,1
neg_841,0,NEG::hobbleabbas__Bitcoin-RPC-API.json,hobbleabbas/Bitcoin-RPC-API,real_negative,3,test,0.8322367,1
pos_236,1,F2_crypto_trading_bot,copy-signal/polymarket-copytrading-bot-sport,synthetic,1,test,0.8311431,1
neg_1996,0,NEG::xPOURY4__crypto-toolkit.json,xPOURY4/crypto-toolkit,real_negative,0,test,0.8311431,1
neg_463,0,NEG::crypto-balance-checker-seed-phrases__crypto-balance-checker-seed-phrases.json,crypto-balance-checker-seed-phrases/crypto-balance-checker-seed-phrases,real_negative,3,test,0.8305941,1
pos_210,1,F2_crypto_trading_bot,harshithvaddiparthyy2/quant-bot,synthetic,1,test,0.8244619,1
pos_198,1,F2_crypto_trading_bot,harshithvaddiparthy42/quant-bot,synthetic,1,test,0.8244619,1
pos_194,1,F2_crypto_trading_bot,harshithvaddiparthy4/quant-bot,synthetic,1,test,0.81640637,1
pos_206,1,F2_crypto_trading_bot,harshithvaddiparthy/quant-bot,synthetic,1,test,0.80685264,1
pos_23,1,F1_pumpfun_clone,loveccat/solana-pumpfun-bot,original,0,test,0.7981868,1
neg_1448,0,NEG::pointbiz__bitaddress.org.json,pointbiz/bitaddress.org,real_negative,3,test,0.79755676,1
neg_432,0,NEG::Coldcard__firmware.json,Coldcard/firmware,real_negative,3,test,0.78596646,1
neg_1054,0,NEG::KOSASIH__GEE-Platform.json,KOSASIH/GEE-Platform,real_negative,3,test,0.78596646,1
pos_226,1,F2_crypto_trading_bot,harshithvaddiparthyv/quant-bot,synthetic,1,test,0.78133065,1
pos_202,1,F2_crypto_trading_bot,harshithvaddiparthyu/quant-bot,synthetic,1,test,0.7745834,1
neg_1774,0,NEG::tamago-labs__legato-finance.json,tamago-labs/legato-finance,real_negative,0,test,0.7718435,1
pos_4,1,F1_pumpfun_clone,918715c83/solana-pumpfun-bot,original,0,test,0.7666432,1
pos_238,1,F2_crypto_trading_bot,harshithvaddiparthy5/quant-bot,synthetic,1,test,0.7634837,1
pos_286,1,F5_ai_media_demo,rizvejoardern2/SoraMax,synthetic,4,test,0.7634837,1
neg_442,0,NEG::ConsenSysMesh__live-libs.json,ConsenSysMesh/live-libs,real_negative,0,test,0.7606507,1
pos_265,1,F5_ai_media_demo,Metaldadisbad4/HacxGPT,synthetic,4,test,0.7520126,1
pos_234,1,F2_crypto_trading_bot,harshithvaddiparthyt/quant-bot,synthetic,1,test,0.7490872,1
neg_69,0,NEG::AchyuthMohan__cryptogram-nmit-block-chain-.json,AchyuthMohan/cryptogram-nmit-block-chain-,real_negative,0,test,0.7424217,1
neg_859,0,NEG::hummingbot__hummingbot.json,hummingbot/hummingbot,real_negative,3,test,0.7401744,1
neg_1945,0,NEG::WalletWasabi__WalletWasabi.json,WalletWasabi/WalletWasabi,real_negative,0,test,0.73411953,1
neg_26,0,NEG::0xPleiades__switch-trade-coin.json,0xPleiades/switch-trade-coin,real_negative,4,test,0.7310586,1
neg_1523,0,NEG::RazDwa1923__ML_Pred_Crypto.json,RazDwa1923/ML_Pred_Crypto,real_negative,1,test,0.7279754,1
neg_422,0,NEG::coderasha__NFT-Marketplace--EThereum-Polygon.json,coderasha/NFT-Marketplace--EThereum-Polygon,real_negative,0,test,0.7248703,1
pos_1,1,F1_pumpfun_clone,2kwkkk/solana-pumpfun-bot,original,0,test,0.72056496,1
neg_1169,0,NEG::Mattjhagen__P3-Lending.json,Mattjhagen/P3-Lending,real_negative,0,test,0.71977776,1
pos_222,1,F2_crypto_trading_bot,harshithvaddiparthy32/quant-bot,synthetic,1,test,0.715424,1
pos_40,1,F1_pumpfun_clone,xnaotutu77765/solana-pumpfun-bot,original,0,test,0.7150262,1
neg_1175,0,NEG::mchtter__zku-web3.json,mchtter/zku-web3,real_negative,3,test,0.71383077,1
pos_200,1,F2_crypto_trading_bot,dex-trade/polymarket-copytrading-bot-sport,synthetic,1,test,0.7106283,1
pos_74,1,F1_pumpfun_clone,AmirhBeigi7zch6f2/solana-pumpfun-bot,synthetic,0,test,0.7102265,1
neg_1085,0,NEG::lbryio__lbry-android.json,lbryio/lbry-android,real_negative,0,test,0.70089483,1
neg_914,0,NEG::Jackhuang166__chess-smart-contract.json,Jackhuang166/chess-smart-contract,real_negative,3,test,0.6992544,1
pos_281,1,F5_ai_media_demo,Metaldadisbad6/HacxGPT,synthetic,4,test,0.6959583,1
