threshold,precision,recall,f1,f2,accuracy,confusion_matrix
0.008,0.3391167192429022,0.7166666666666667,0.4603854389721627,0.5861504907306434,0.7858963466440102,"[[1635, 419], [85, 215]]"
0.0081,0.33965244865718797,0.7166666666666667,0.4608788853161844,0.5864702673213311,0.786321155480034,"[[1636, 418], [85, 215]]"
0.008199999999999999,0.3401898734177215,0.7166666666666667,0.4613733905579399,0.5867903930131004,0.7867459643160578,"[[1637, 417], [85, 215]]"
0.008299999999999998,0.3401898734177215,0.7166666666666667,0.4613733905579399,0.5867903930131004,0.7867459643160578,"[[1637, 417], [85, 215]]"
0.008399999999999998,0.34181240063593005,0.7166666666666667,0.4628632938643703,0.5877528704209951,0.7880203908241291,"[[1640, 414], [85, 215]]"
0.008499999999999997,0.34235668789808915,0.7166666666666667,0.46336206896551724,0.588074398249453,0.7884451996601529,"[[1641, 413], [85, 215]]"
0.008599999999999997,0.34455128205128205,0.7166666666666667,0.4653679653679654,0.5893640350877193,0.7901444350042481,"[[1645, 409], [85, 215]]"
0.008699999999999996,0.34565916398713825,0.7166666666666667,0.46637744034707157,0.5900109769484083,0.7909940526762956,"[[1647, 407], [85, 215]]"
0.008799999999999995,0.345718901453958,0.7133333333333334,0.4657236126224157,0.5882352941176471,0.7914188615123194,"[[1649, 405], [86, 214]]"
0.008899999999999995,0.34627831715210355,0.7133333333333334,0.4662309368191721,0.5885588558855885,0.7918436703483432,"[[1650, 404], [86, 214]]"
0.008999999999999994,0.3474025974025974,0.7133333333333334,0.4672489082969432,0.5892070484581498,0.7926932880203909,"[[1652, 402], [86, 214]]"
0.009099999999999994,0.3474025974025974,0.7133333333333334,0.4672489082969432,0.5892070484581498,0.7926932880203909,"[[1652, 402], [86, 214]]"
0.009199999999999993,0.34796747967479674,0.7133333333333334,0.46775956284153003,0.5895316804407713,0.7931180968564147,"[[1653, 401], [86, 214]]"
0.009299999999999992,0.34796747967479674,0.7133333333333334,0.46775956284153003,0.5895316804407713,0.7931180968564147,"[[1653, 401], [86, 214]]"
0.009399999999999992,0.3485342019543974,0.7133333333333334,0.4682713347921225,0.5898566703417861,0.7935429056924383,"[[1654, 400], [86, 214]]"
0.009499999999999991,0.3502454991816694,0.7133333333333334,0.4698133918770582,0.5908337934842628,0.7948173322005098,"[[1657, 397], [86, 214]]"
0.00959999999999999,0.35081967213114756,0.7133333333333334,0.4703296703296703,0.5911602209944752,0.7952421410365336,"[[1658, 396], [86, 214]]"
0.00969999999999999,0.35139573070607555,0.7133333333333334,0.47084708470847086,0.5914870093974571,0.7956669498725574,"[[1659, 395], [86, 214]]"
0.00979999999999999,0.3525535420098847,0.7133333333333334,0.4718853362734289,0.5921416712783619,0.796516567544605,"[[1661, 393], [86, 214]]"
0.009899999999999989,0.35313531353135313,0.7133333333333334,0.47240618101545256,0.592469545957918,0.7969413763806287,"[[1662, 392], [86, 214]]"
0.009999999999999988,0.35313531353135313,0.7133333333333334,0.47240618101545256,0.592469545957918,0.7969413763806287,"[[1662, 392], [86, 214]]"
0.010099999999999987,0.3537190082644628,0.7133333333333334,0.47292817679558014,0.592797783933518,0.7973661852166525,"[[1663, 391], [86, 214]]"
0.010199999999999987,0.35323383084577115,0.71,0.4717607973421927,0.5906821963394343,0.7973661852166525,"[[1664, 390], [87, 213]]"
0.010299999999999986,0.3538205980066445,0.71,0.4722838137472284,0.5910099889012209,0.7977909940526763,"[[1665, 389], [87, 213]]"
0.010399999999999986,0.3555926544240401,0.71,0.4738598442714127,0.5919955530850473,0.7990654205607477,"[[1668, 386], [87, 213]]"
0.010499999999999985,0.3573825503355705,0.71,0.47544642857142855,0.5929844097995546,0.800339847068819,"[[1671, 383], [87, 213]]"
0.010599999999999984,0.3573825503355705,0.71,0.47544642857142855,0.5929844097995546,0.800339847068819,"[[1671, 383], [87, 213]]"
0.010699999999999984,0.3573825503355705,0.71,0.47544642857142855,0.5929844097995546,0.800339847068819,"[[1671, 383], [87, 213]]"
0.010799999999999983,0.35798319327731093,0.71,0.4759776536312849,0.5933147632311978,0.8007646559048428,"[[1672, 382], [87, 213]]"
0.010899999999999983,0.3569023569023569,0.7066666666666667,0.4742729306487696,0.5908584169453734,0.800339847068819,"[[1672, 382], [88, 212]]"
0.010999999999999982,0.3581081081081081,0.7066666666666667,0.47533632286995514,0.5915178571428571,0.8011894647408666,"[[1674, 380], [88, 212]]"
0.011099999999999981,0.3581081081081081,0.7066666666666667,0.47533632286995514,0.5915178571428571,0.8011894647408666,"[[1674, 380], [88, 212]]"
0.01119999999999998,0.3587140439932318,0.7066666666666667,0.47586980920314254,0.5918481295365717,0.8016142735768904,"[[1675, 379], [88, 212]]"
0.01129999999999998,0.3593220338983051,0.7066666666666667,0.4764044943820225,0.5921787709497207,0.8020390824129142,"[[1676, 378], [88, 212]]"
0.01139999999999998,0.3599320882852292,0.7066666666666667,0.4769403824521935,0.5925097820011179,0.802463891248938,"[[1677, 377], [88, 212]]"
0.011499999999999979,0.36054421768707484,0.7066666666666667,0.4774774774774775,0.5928411633109619,0.8028887000849617,"[[1678, 376], [88, 212]]"
0.011599999999999978,0.36006825938566556,0.7033333333333334,0.4762979683972912,0.5907054871220605,0.8028887000849617,"[[1679, 375], [89, 211]]"
0.011699999999999978,0.3606837606837607,0.7033333333333334,0.4768361581920904,0.5910364145658263,0.8033135089209855,"[[1680, 374], [89, 211]]"
0.011799999999999977,0.3595890410958904,0.7,0.4751131221719457,0.5885650224215246,0.8028887000849617,"[[1680, 374], [90, 210]]"
0.011899999999999977,0.3595890410958904,0.7,0.4751131221719457,0.5885650224215246,0.8028887000849617,"[[1680, 374], [90, 210]]"
0.011999999999999976,0.3595890410958904,0.7,0.4751131221719457,0.5885650224215246,0.8028887000849617,"[[1680, 374], [90, 210]]"
0.012099999999999975,0.3602058319039451,0.7,0.47565118912797283,0.5888951205832866,0.8033135089209855,"[[1681, 373], [90, 210]]"
0.012199999999999975,0.36082474226804123,0.7,0.47619047619047616,0.5892255892255892,0.8037383177570093,"[[1682, 372], [90, 210]]"
0.012299999999999974,0.3614457831325301,0.7,0.4767309875141884,0.5895564289724874,0.8041631265930331,"[[1683, 371], [90, 210]]"
0.012399999999999974,0.3614457831325301,0.7,0.4767309875141884,0.5895564289724874,0.8041631265930331,"[[1683, 371], [90, 210]]"
0.012499999999999973,0.3615916955017301,0.6966666666666667,0.4760820045558087,0.5877390326209224,0.8045879354290569,"[[1685, 369], [91, 209]]"
0.012599999999999972,0.3615916955017301,0.6966666666666667,0.4760820045558087,0.5877390326209224,0.8045879354290569,"[[1685, 369], [91, 209]]"
0.012699999999999972,0.3611111111111111,0.6933333333333334,0.4748858447488584,0.5855855855855856,0.8045879354290569,"[[1686, 368], [92, 208]]"
0.012799999999999971,0.3617391304347826,0.6933333333333334,0.4754285714285714,0.5859154929577465,0.8050127442650807,"[[1687, 367], [92, 208]]"
0.01289999999999997,0.36300174520069806,0.6933333333333334,0.4765177548682703,0.5865764241398759,0.8058623619371283,"[[1689, 365], [92, 208]]"
0.01299999999999997,0.36363636363636365,0.6933333333333334,0.47706422018348627,0.5869074492099323,0.806287170773152,"[[1690, 364], [92, 208]]"
0.01309999999999997,0.3649122807017544,0.6933333333333334,0.4781609195402299,0.5875706214689266,0.8071367884451996,"[[1692, 362], [92, 208]]"
0.013199999999999969,0.3649122807017544,0.6933333333333334,0.4781609195402299,0.5875706214689266,0.8071367884451996,"[[1692, 362], [92, 208]]"
0.013299999999999968,0.3655536028119508,0.6933333333333334,0.47871116225546606,0.5879027699265121,0.8075615972812235,"[[1693, 361], [92, 208]]"
0.013399999999999967,0.3655536028119508,0.6933333333333334,0.47871116225546606,0.5879027699265121,0.8075615972812235,"[[1693, 361], [92, 208]]"
0.013499999999999967,0.36507936507936506,0.69,0.47750865051903113,0.5857385398981324,0.8075615972812235,"[[1694, 360], [93, 207]]"
0.013599999999999966,0.3663716814159292,0.69,0.47861271676300576,0.5864022662889519,0.8084112149532711,"[[1696, 358], [93, 207]]"
0.013699999999999966,0.36589698046181174,0.6866666666666666,0.47740440324449596,0.5842314237095859,0.8084112149532711,"[[1697, 357], [94, 206]]"
0.013799999999999965,0.36589698046181174,0.6866666666666666,0.47740440324449596,0.5842314237095859,0.8084112149532711,"[[1697, 357], [94, 206]]"
0.013899999999999964,0.36589698046181174,0.6866666666666666,0.47740440324449596,0.5842314237095859,0.8084112149532711,"[[1697, 357], [94, 206]]"
0.013999999999999964,0.36476868327402134,0.6833333333333333,0.4756380510440835,0.5817253121452894,0.8079864061172473,"[[1697, 357], [95, 205]]"
0.014099999999999963,0.3667262969588551,0.6833333333333333,0.47729918509895225,0.5827174530983513,0.8092608326253186,"[[1700, 354], [95, 205]]"
0.014199999999999963,0.3673835125448029,0.6833333333333333,0.47785547785547783,0.5830489192263937,0.8096856414613424,"[[1701, 353], [95, 205]]"
0.014299999999999962,0.36936936936936937,0.6833333333333333,0.47953216374269003,0.584045584045584,0.8109600679694138,"[[1704, 350], [95, 205]]"
0.014399999999999961,0.3688969258589512,0.68,0.4783118405627198,0.5818596691386195,0.8109600679694138,"[[1705, 349], [96, 204]]"
0.01449999999999996,0.3688969258589512,0.68,0.4783118405627198,0.5818596691386195,0.8109600679694138,"[[1705, 349], [96, 204]]"
0.01459999999999996,0.3690909090909091,0.6766666666666666,0.4776470588235294,0.58,0.8113848768054376,"[[1707, 347], [97, 203]]"
0.01469999999999996,0.3697632058287796,0.6766666666666666,0.47820965842167257,0.5803316180674671,0.8118096856414614,"[[1708, 346], [97, 203]]"
0.014799999999999959,0.36996336996337,0.6733333333333333,0.47754137115839246,0.5784650630011455,0.8122344944774851,"[[1710, 344], [98, 202]]"
0.014899999999999958,0.3688073394495413,0.67,0.4757396449704142,0.5759312320916905,0.8118096856414614,"[[1710, 344], [99, 201]]"
0.014999999999999958,0.3688073394495413,0.67,0.4757396449704142,0.5759312320916905,0.8118096856414614,"[[1710, 344], [99, 201]]"
0.015099999999999957,0.3688073394495413,0.67,0.4757396449704142,0.5759312320916905,0.8118096856414614,"[[1710, 344], [99, 201]]"
0.015199999999999957,0.3694852941176471,0.67,0.476303317535545,0.5762614678899083,0.8122344944774851,"[[1711, 343], [99, 201]]"
0.015299999999999956,0.3694852941176471,0.67,0.476303317535545,0.5762614678899083,0.8122344944774851,"[[1711, 343], [99, 201]]"
0.015399999999999955,0.3701657458563536,0.67,0.47686832740213525,0.576592082616179,0.8126593033135089,"[[1712, 342], [99, 201]]"
0.015499999999999955,0.37084870848708484,0.67,0.47743467933491684,0.5769230769230769,0.8130841121495327,"[[1713, 341], [99, 201]]"
0.015599999999999954,0.36968576709796674,0.6666666666666666,0.4756242568370987,0.5743825387708213,0.8126593033135089,"[[1713, 341], [100, 200]]"
0.015699999999999954,0.37037037037037035,0.6666666666666666,0.47619047619047616,0.5747126436781609,0.8130841121495327,"[[1714, 340], [100, 200]]"
0.015799999999999953,0.37037037037037035,0.6666666666666666,0.47619047619047616,0.5747126436781609,0.8130841121495327,"[[1714, 340], [100, 200]]"
0.015899999999999952,0.37037037037037035,0.6666666666666666,0.47619047619047616,0.5747126436781609,0.8130841121495327,"[[1714, 340], [100, 200]]"
0.015999999999999952,0.3692022263450835,0.6633333333333333,0.47437425506555425,0.5721679125934445,0.8126593033135089,"[[1714, 340], [101, 199]]"
0.01609999999999995,0.37057728119180633,0.6633333333333333,0.4755077658303465,0.5728267127230858,0.8135089209855565,"[[1716, 338], [101, 199]]"
0.01619999999999995,0.37057728119180633,0.6633333333333333,0.4755077658303465,0.5728267127230858,0.8135089209855565,"[[1716, 338], [101, 199]]"
0.01629999999999995,0.37057728119180633,0.6633333333333333,0.4755077658303465,0.5728267127230858,0.8135089209855565,"[[1716, 338], [101, 199]]"
0.01639999999999995,0.37057728119180633,0.6633333333333333,0.4755077658303465,0.5728267127230858,0.8135089209855565,"[[1716, 338], [101, 199]]"
0.01649999999999995,0.37009345794392523,0.66,0.474251497005988,0.5706051873198847,0.8135089209855565,"[[1717, 337], [102, 198]]"
0.016599999999999948,0.37009345794392523,0.66,0.474251497005988,0.5706051873198847,0.8135089209855565,"[[1717, 337], [102, 198]]"
0.016699999999999948,0.3714821763602251,0.66,0.47539015606242496,0.571263704558569,0.8143585386576041,"[[1719, 335], [102, 198]]"
0.016799999999999947,0.37218045112781956,0.66,0.47596153846153844,0.5715935334872979,0.8147833474936279,"[[1720, 334], [102, 198]]"
0.016899999999999946,0.37218045112781956,0.66,0.47596153846153844,0.5715935334872979,0.8147833474936279,"[[1720, 334], [102, 198]]"
0.016999999999999946,0.37218045112781956,0.66,0.47596153846153844,0.5715935334872979,0.8147833474936279,"[[1720, 334], [102, 198]]"
0.017099999999999945,0.37218045112781956,0.66,0.47596153846153844,0.5715935334872979,0.8147833474936279,"[[1720, 334], [102, 198]]"
0.017199999999999944,0.3728813559322034,0.66,0.47653429602888087,0.5719237435008665,0.8152081563296517,"[[1721, 333], [102, 198]]"
0.017299999999999944,0.3728813559322034,0.66,0.47653429602888087,0.5719237435008665,0.8152081563296517,"[[1721, 333], [102, 198]]"
0.017399999999999943,0.3728813559322034,0.66,0.47653429602888087,0.5719237435008665,0.8152081563296517,"[[1721, 333], [102, 198]]"
0.017499999999999943,0.37358490566037733,0.66,0.4771084337349398,0.5722543352601156,0.8156329651656754,"[[1722, 332], [102, 198]]"
0.017599999999999942,0.3742911153119093,0.66,0.4776839565741858,0.5725853094274147,0.8160577740016992,"[[1723, 331], [102, 198]]"
0.01769999999999994,0.3742911153119093,0.66,0.4776839565741858,0.5725853094274147,0.8160577740016992,"[[1723, 331], [102, 198]]"
0.01779999999999994,0.3757115749525617,0.66,0.4788391777509069,0.5732484076433121,0.8169073916737468,"[[1725, 329], [102, 198]]"
0.01789999999999994,0.376425855513308,0.66,0.4794188861985472,0.5735805330243338,0.8173322005097706,"[[1726, 328], [102, 198]]"
0.01799999999999994,0.37714285714285717,0.66,0.48,0.5739130434782609,0.8177570093457944,"[[1727, 327], [102, 198]]"
0.01809999999999994,0.37714285714285717,0.66,0.48,0.5739130434782609,0.8177570093457944,"[[1727, 327], [102, 198]]"
0.01819999999999994,0.37714285714285717,0.66,0.48,0.5739130434782609,0.8177570093457944,"[[1727, 327], [102, 198]]"
0.018299999999999938,0.37786259541984735,0.66,0.48058252427184467,0.574245939675174,0.8181818181818182,"[[1728, 326], [102, 198]]"
0.018399999999999937,0.37786259541984735,0.66,0.48058252427184467,0.574245939675174,0.8181818181818182,"[[1728, 326], [102, 198]]"
0.018499999999999937,0.37786259541984735,0.66,0.48058252427184467,0.574245939675174,0.8181818181818182,"[[1728, 326], [102, 198]]"
0.018599999999999936,0.3773946360153257,0.6566666666666666,0.4793187347931874,0.5720092915214866,0.8181818181818182,"[[1729, 325], [103, 197]]"
0.018699999999999935,0.3773946360153257,0.6566666666666666,0.4793187347931874,0.5720092915214866,0.8181818181818182,"[[1729, 325], [103, 197]]"
0.018799999999999935,0.3773946360153257,0.6566666666666666,0.4793187347931874,0.5720092915214866,0.8181818181818182,"[[1729, 325], [103, 197]]"
0.018899999999999934,0.37572254335260113,0.65,0.47619047619047616,0.5671902268760908,0.8177570093457944,"[[1730, 324], [105, 195]]"
0.018999999999999934,0.37572254335260113,0.65,0.47619047619047616,0.5671902268760908,0.8177570093457944,"[[1730, 324], [105, 195]]"
0.019099999999999933,0.3745173745173745,0.6466666666666666,0.4743276283618582,0.5646100116414435,0.8173322005097706,"[[1730, 324], [106, 194]]"
0.019199999999999932,0.37524177949709864,0.6466666666666666,0.4749082007343941,0.564938846825859,0.8177570093457944,"[[1731, 323], [106, 194]]"
0.019299999999999932,0.37524177949709864,0.6466666666666666,0.4749082007343941,0.564938846825859,0.8177570093457944,"[[1731, 323], [106, 194]]"
0.01939999999999993,0.37524177949709864,0.6466666666666666,0.4749082007343941,0.564938846825859,0.8177570093457944,"[[1731, 323], [106, 194]]"
0.01949999999999993,0.375968992248062,0.6466666666666666,0.47549019607843135,0.5652680652680653,0.8181818181818182,"[[1732, 322], [106, 194]]"
0.01959999999999993,0.377431906614786,0.6466666666666666,0.47665847665847666,0.5659276546091015,0.8190314358538657,"[[1734, 320], [106, 194]]"
0.01969999999999993,0.377431906614786,0.6466666666666666,0.47665847665847666,0.5659276546091015,0.8190314358538657,"[[1734, 320], [106, 194]]"
0.01979999999999993,0.37816764132553604,0.6466666666666666,0.47724477244772445,0.5662580268534735,0.8194562446898895,"[[1735, 319], [106, 194]]"
0.019899999999999928,0.37816764132553604,0.6466666666666666,0.47724477244772445,0.5662580268534735,0.8194562446898895,"[[1735, 319], [106, 194]]"
0.019999999999999928,0.37816764132553604,0.6466666666666666,0.47724477244772445,0.5662580268534735,0.8194562446898895,"[[1735, 319], [106, 194]]"
0.020099999999999927,0.37890625,0.6466666666666666,0.47783251231527096,0.5665887850467289,0.8198810535259133,"[[1736, 318], [106, 194]]"
0.020199999999999926,0.3803921568627451,0.6466666666666666,0.47901234567901235,0.5672514619883041,0.820730671197961,"[[1738, 316], [106, 194]]"
0.020299999999999926,0.3803921568627451,0.6466666666666666,0.47901234567901235,0.5672514619883041,0.820730671197961,"[[1738, 316], [106, 194]]"
0.020399999999999925,0.381139489194499,0.6466666666666666,0.4796044499381953,0.5675833820947923,0.8211554800339848,"[[1739, 315], [106, 194]]"
0.020499999999999925,0.381139489194499,0.6466666666666666,0.4796044499381953,0.5675833820947923,0.8211554800339848,"[[1739, 315], [106, 194]]"
0.020599999999999924,0.381139489194499,0.6466666666666666,0.4796044499381953,0.5675833820947923,0.8211554800339848,"[[1739, 315], [106, 194]]"
0.020699999999999923,0.381139489194499,0.6466666666666666,0.4796044499381953,0.5675833820947923,0.8211554800339848,"[[1739, 315], [106, 194]]"
0.020799999999999923,0.381139489194499,0.6466666666666666,0.4796044499381953,0.5675833820947923,0.8211554800339848,"[[1739, 315], [106, 194]]"
0.020899999999999922,0.381139489194499,0.6466666666666666,0.4796044499381953,0.5675833820947923,0.8211554800339848,"[[1739, 315], [106, 194]]"
0.02099999999999992,0.381139489194499,0.6466666666666666,0.4796044499381953,0.5675833820947923,0.8211554800339848,"[[1739, 315], [106, 194]]"
0.02109999999999992,0.381139489194499,0.6466666666666666,0.4796044499381953,0.5675833820947923,0.8211554800339848,"[[1739, 315], [106, 194]]"
0.02119999999999992,0.381139489194499,0.6466666666666666,0.4796044499381953,0.5675833820947923,0.8211554800339848,"[[1739, 315], [106, 194]]"
0.02129999999999992,0.381139489194499,0.6466666666666666,0.4796044499381953,0.5675833820947923,0.8211554800339848,"[[1739, 315], [106, 194]]"
0.02139999999999992,0.381139489194499,0.6466666666666666,0.4796044499381953,0.5675833820947923,0.8211554800339848,"[[1739, 315], [106, 194]]"
0.02149999999999992,0.381139489194499,0.6466666666666666,0.4796044499381953,0.5675833820947923,0.8211554800339848,"[[1739, 315], [106, 194]]"
0.021599999999999918,0.381139489194499,0.6466666666666666,0.4796044499381953,0.5675833820947923,0.8211554800339848,"[[1739, 315], [106, 194]]"
0.021699999999999917,0.38188976377952755,0.6466666666666666,0.4801980198019802,0.5679156908665105,0.8215802888700084,"[[1740, 314], [106, 194]]"
0.021799999999999917,0.38188976377952755,0.6466666666666666,0.4801980198019802,0.5679156908665105,0.8215802888700084,"[[1740, 314], [106, 194]]"
0.021899999999999916,0.38188976377952755,0.6466666666666666,0.4801980198019802,0.5679156908665105,0.8215802888700084,"[[1740, 314], [106, 194]]"
0.021999999999999915,0.3814229249011858,0.6433333333333333,0.47890818858560796,0.5656506447831184,0.8215802888700084,"[[1741, 313], [107, 193]]"
0.022099999999999915,0.3814229249011858,0.6433333333333333,0.47890818858560796,0.5656506447831184,0.8215802888700084,"[[1741, 313], [107, 193]]"
0.022199999999999914,0.3814229249011858,0.6433333333333333,0.47890818858560796,0.5656506447831184,0.8215802888700084,"[[1741, 313], [107, 193]]"
0.022299999999999914,0.38293650793650796,0.6433333333333333,0.48009950248756217,0.5663145539906104,0.822429906542056,"[[1743, 311], [107, 193]]"
0.022399999999999913,0.38293650793650796,0.6433333333333333,0.48009950248756217,0.5663145539906104,0.822429906542056,"[[1743, 311], [107, 193]]"
0.022499999999999912,0.38293650793650796,0.6433333333333333,0.48009950248756217,0.5663145539906104,0.822429906542056,"[[1743, 311], [107, 193]]"
0.022599999999999912,0.3817097415506958,0.64,0.47820672478206727,0.5637110980622431,0.8220050977060323,"[[1743, 311], [108, 192]]"
0.02269999999999991,0.38323353293413176,0.64,0.4794007490636704,0.564373897707231,0.8228547153780799,"[[1745, 309], [108, 192]]"
0.02279999999999991,0.38323353293413176,0.64,0.4794007490636704,0.564373897707231,0.8228547153780799,"[[1745, 309], [108, 192]]"
0.02289999999999991,0.38323353293413176,0.64,0.4794007490636704,0.564373897707231,0.8228547153780799,"[[1745, 309], [108, 192]]"
0.02299999999999991,0.3822937625754527,0.6333333333333333,0.4767879548306148,0.5598114319387154,0.8228547153780799,"[[1747, 307], [110, 190]]"
0.02309999999999991,0.3822937625754527,0.6333333333333333,0.4767879548306148,0.5598114319387154,0.8228547153780799,"[[1747, 307], [110, 190]]"
0.023199999999999908,0.3822937625754527,0.6333333333333333,0.4767879548306148,0.5598114319387154,0.8228547153780799,"[[1747, 307], [110, 190]]"
0.023299999999999908,0.3822937625754527,0.6333333333333333,0.4767879548306148,0.5598114319387154,0.8228547153780799,"[[1747, 307], [110, 190]]"
0.023399999999999907,0.3810483870967742,0.63,0.4748743718592965,0.5571933962264151,0.822429906542056,"[[1747, 307], [111, 189]]"
0.023499999999999906,0.3810483870967742,0.63,0.4748743718592965,0.5571933962264151,0.822429906542056,"[[1747, 307], [111, 189]]"
0.023599999999999906,0.3788187372708758,0.62,0.47029077117572693,0.5499704316972206,0.8220050977060323,"[[1749, 305], [114, 186]]"
0.023699999999999905,0.3795918367346939,0.62,0.4708860759493671,0.5502958579881657,0.822429906542056,"[[1750, 304], [114, 186]]"
0.023799999999999905,0.3795918367346939,0.62,0.4708860759493671,0.5502958579881657,0.822429906542056,"[[1750, 304], [114, 186]]"
0.023899999999999904,0.3795918367346939,0.62,0.4708860759493671,0.5502958579881657,0.822429906542056,"[[1750, 304], [114, 186]]"
0.023999999999999903,0.3795918367346939,0.62,0.4708860759493671,0.5502958579881657,0.822429906542056,"[[1750, 304], [114, 186]]"
0.024099999999999903,0.38114754098360654,0.62,0.4720812182741117,0.5509478672985783,0.8232795242141037,"[[1752, 302], [114, 186]]"
0.024199999999999902,0.38114754098360654,0.62,0.4720812182741117,0.5509478672985783,0.8232795242141037,"[[1752, 302], [114, 186]]"
0.0242999999999999,0.38114754098360654,0.62,0.4720812182741117,0.5509478672985783,0.8232795242141037,"[[1752, 302], [114, 186]]"
0.0243999999999999,0.38114754098360654,0.62,0.4720812182741117,0.5509478672985783,0.8232795242141037,"[[1752, 302], [114, 186]]"
0.0244999999999999,0.38114754098360654,0.62,0.4720812182741117,0.5509478672985783,0.8232795242141037,"[[1752, 302], [114, 186]]"
0.0245999999999999,0.38114754098360654,0.62,0.4720812182741117,0.5509478672985783,0.8232795242141037,"[[1752, 302], [114, 186]]"
0.0246999999999999,0.38114754098360654,0.62,0.4720812182741117,0.5509478672985783,0.8232795242141037,"[[1752, 302], [114, 186]]"
0.0247999999999999,0.38114754098360654,0.62,0.4720812182741117,0.5509478672985783,0.8232795242141037,"[[1752, 302], [114, 186]]"
0.024899999999999898,0.38114754098360654,0.62,0.4720812182741117,0.5509478672985783,0.8232795242141037,"[[1752, 302], [114, 186]]"
0.024999999999999897,0.38114754098360654,0.62,0.4720812182741117,0.5509478672985783,0.8232795242141037,"[[1752, 302], [114, 186]]"
0.025099999999999897,0.38114754098360654,0.62,0.4720812182741117,0.5509478672985783,0.8232795242141037,"[[1752, 302], [114, 186]]"
0.025199999999999896,0.38114754098360654,0.62,0.4720812182741117,0.5509478672985783,0.8232795242141037,"[[1752, 302], [114, 186]]"
0.025299999999999895,0.38114754098360654,0.62,0.4720812182741117,0.5509478672985783,0.8232795242141037,"[[1752, 302], [114, 186]]"
0.025399999999999895,0.38193018480492813,0.62,0.4726810673443456,0.5512744516893895,0.8237043330501275,"[[1753, 301], [114, 186]]"
0.025499999999999894,0.38193018480492813,0.62,0.4726810673443456,0.5512744516893895,0.8237043330501275,"[[1753, 301], [114, 186]]"
0.025599999999999894,0.38271604938271603,0.62,0.4732824427480916,0.5516014234875445,0.8241291418861513,"[[1754, 300], [114, 186]]"
0.025699999999999893,0.38271604938271603,0.62,0.4732824427480916,0.5516014234875445,0.8241291418861513,"[[1754, 300], [114, 186]]"
0.025799999999999892,0.38144329896907214,0.6166666666666667,0.4713375796178344,0.5489614243323442,0.8237043330501275,"[[1754, 300], [115, 185]]"
0.025899999999999892,0.38144329896907214,0.6166666666666667,0.4713375796178344,0.5489614243323442,0.8237043330501275,"[[1754, 300], [115, 185]]"
0.02599999999999989,0.38144329896907214,0.6166666666666667,0.4713375796178344,0.5489614243323442,0.8237043330501275,"[[1754, 300], [115, 185]]"
0.02609999999999989,0.38144329896907214,0.6166666666666667,0.4713375796178344,0.5489614243323442,0.8237043330501275,"[[1754, 300], [115, 185]]"
0.02619999999999989,0.38095238095238093,0.6133333333333333,0.46998722860791825,0.5466428995840761,0.8237043330501275,"[[1755, 299], [116, 184]]"
0.02629999999999989,0.38095238095238093,0.6133333333333333,0.46998722860791825,0.5466428995840761,0.8237043330501275,"[[1755, 299], [116, 184]]"
0.02639999999999989,0.38095238095238093,0.6133333333333333,0.46998722860791825,0.5466428995840761,0.8237043330501275,"[[1755, 299], [116, 184]]"
0.026499999999999888,0.38333333333333336,0.6133333333333333,0.4717948717948718,0.5476190476190477,0.8249787595581988,"[[1758, 296], [116, 184]]"
0.026599999999999888,0.38413361169102295,0.6133333333333333,0.472400513478819,0.547945205479452,0.8254035683942226,"[[1759, 295], [116, 184]]"
0.026699999999999887,0.38413361169102295,0.6133333333333333,0.472400513478819,0.547945205479452,0.8254035683942226,"[[1759, 295], [116, 184]]"
0.026799999999999886,0.3857442348008386,0.6133333333333333,0.47361647361647363,0.5485986881335718,0.8262531860662702,"[[1761, 293], [116, 184]]"
0.026899999999999886,0.3857442348008386,0.6133333333333333,0.47361647361647363,0.5485986881335718,0.8262531860662702,"[[1761, 293], [116, 184]]"
0.026999999999999885,0.3857442348008386,0.6133333333333333,0.47361647361647363,0.5485986881335718,0.8262531860662702,"[[1761, 293], [116, 184]]"
0.027099999999999885,0.3857442348008386,0.6133333333333333,0.47361647361647363,0.5485986881335718,0.8262531860662702,"[[1761, 293], [116, 184]]"
0.027199999999999884,0.3857442348008386,0.6133333333333333,0.47361647361647363,0.5485986881335718,0.8262531860662702,"[[1761, 293], [116, 184]]"
0.027299999999999883,0.3857442348008386,0.6133333333333333,0.47361647361647363,0.5485986881335718,0.8262531860662702,"[[1761, 293], [116, 184]]"
0.027399999999999883,0.3865546218487395,0.6133333333333333,0.4742268041237113,0.548926014319809,0.826677994902294,"[[1762, 292], [116, 184]]"
0.027499999999999882,0.3865546218487395,0.6133333333333333,0.4742268041237113,0.548926014319809,0.826677994902294,"[[1762, 292], [116, 184]]"
0.02759999999999988,0.3873684210526316,0.6133333333333333,0.47483870967741937,0.5492537313432836,0.8271028037383178,"[[1763, 291], [116, 184]]"
0.02769999999999988,0.3873684210526316,0.6133333333333333,0.47483870967741937,0.5492537313432836,0.8271028037383178,"[[1763, 291], [116, 184]]"
0.02779999999999988,0.3873684210526316,0.6133333333333333,0.47483870967741937,0.5492537313432836,0.8271028037383178,"[[1763, 291], [116, 184]]"
0.02789999999999988,0.3873684210526316,0.6133333333333333,0.47483870967741937,0.5492537313432836,0.8271028037383178,"[[1763, 291], [116, 184]]"
0.02799999999999988,0.3873684210526316,0.6133333333333333,0.47483870967741937,0.5492537313432836,0.8271028037383178,"[[1763, 291], [116, 184]]"
0.02809999999999988,0.3881856540084388,0.6133333333333333,0.4754521963824289,0.5495818399044206,0.8275276125743416,"[[1764, 290], [116, 184]]"
0.028199999999999878,0.3881856540084388,0.6133333333333333,0.4754521963824289,0.5495818399044206,0.8275276125743416,"[[1764, 290], [116, 184]]"
0.028299999999999877,0.3881856540084388,0.6133333333333333,0.4754521963824289,0.5495818399044206,0.8275276125743416,"[[1764, 290], [116, 184]]"
0.028399999999999877,0.3881856540084388,0.6133333333333333,0.4754521963824289,0.5495818399044206,0.8275276125743416,"[[1764, 290], [116, 184]]"
0.028499999999999876,0.3877118644067797,0.61,0.4740932642487047,0.5472488038277512,0.8275276125743416,"[[1765, 289], [117, 183]]"
0.028599999999999876,0.3877118644067797,0.61,0.4740932642487047,0.5472488038277512,0.8275276125743416,"[[1765, 289], [117, 183]]"
0.028699999999999875,0.3885350318471338,0.61,0.47470817120622566,0.547576301615799,0.8279524214103653,"[[1766, 288], [117, 183]]"
0.028799999999999874,0.3885350318471338,0.61,0.47470817120622566,0.547576301615799,0.8279524214103653,"[[1766, 288], [117, 183]]"
0.028899999999999874,0.3885350318471338,0.61,0.47470817120622566,0.547576301615799,0.8279524214103653,"[[1766, 288], [117, 183]]"
0.028999999999999873,0.3885350318471338,0.61,0.47470817120622566,0.547576301615799,0.8279524214103653,"[[1766, 288], [117, 183]]"
0.029099999999999872,0.3893617021276596,0.61,0.4753246753246753,0.5479041916167665,0.8283772302463891,"[[1767, 287], [117, 183]]"
0.029199999999999872,0.3893617021276596,0.61,0.4753246753246753,0.5479041916167665,0.8283772302463891,"[[1767, 287], [117, 183]]"
0.02929999999999987,0.3893617021276596,0.61,0.4753246753246753,0.5479041916167665,0.8283772302463891,"[[1767, 287], [117, 183]]"
0.02939999999999987,0.3893617021276596,0.61,0.4753246753246753,0.5479041916167665,0.8283772302463891,"[[1767, 287], [117, 183]]"
0.02949999999999987,0.3893617021276596,0.61,0.4753246753246753,0.5479041916167665,0.8283772302463891,"[[1767, 287], [117, 183]]"
0.02959999999999987,0.3880597014925373,0.6066666666666667,0.47334200260078024,0.5452366686638705,0.8279524214103653,"[[1767, 287], [118, 182]]"
0.02969999999999987,0.3880597014925373,0.6066666666666667,0.47334200260078024,0.5452366686638705,0.8279524214103653,"[[1767, 287], [118, 182]]"
0.029799999999999868,0.3880597014925373,0.6066666666666667,0.47334200260078024,0.5452366686638705,0.8279524214103653,"[[1767, 287], [118, 182]]"
0.029899999999999868,0.3880597014925373,0.6066666666666667,0.47334200260078024,0.5452366686638705,0.8279524214103653,"[[1767, 287], [118, 182]]"
0.029999999999999867,0.3880597014925373,0.6066666666666667,0.47334200260078024,0.5452366686638705,0.8279524214103653,"[[1767, 287], [118, 182]]"
0.030099999999999866,0.3880597014925373,0.6066666666666667,0.47334200260078024,0.5452366686638705,0.8279524214103653,"[[1767, 287], [118, 182]]"
0.030199999999999866,0.3880597014925373,0.6066666666666667,0.47334200260078024,0.5452366686638705,0.8279524214103653,"[[1767, 287], [118, 182]]"
0.030299999999999865,0.38675213675213677,0.6033333333333334,0.4713541666666667,0.5425659472422062,0.8275276125743416,"[[1767, 287], [119, 181]]"
0.030399999999999865,0.38675213675213677,0.6033333333333334,0.4713541666666667,0.5425659472422062,0.8275276125743416,"[[1767, 287], [119, 181]]"
0.030499999999999864,0.3854389721627409,0.6,0.46936114732724904,0.5398920215956808,0.8271028037383178,"[[1767, 287], [120, 180]]"
0.030599999999999863,0.38626609442060084,0.6,0.4699738903394256,0.5402160864345739,0.8275276125743416,"[[1768, 286], [120, 180]]"
0.030699999999999863,0.3870967741935484,0.6,0.47058823529411764,0.5405405405405406,0.8279524214103653,"[[1769, 285], [120, 180]]"
0.030799999999999862,0.3870967741935484,0.6,0.47058823529411764,0.5405405405405406,0.8279524214103653,"[[1769, 285], [120, 180]]"
0.03089999999999986,0.3870967741935484,0.6,0.47058823529411764,0.5405405405405406,0.8279524214103653,"[[1769, 285], [120, 180]]"
0.03099999999999986,0.3870967741935484,0.6,0.47058823529411764,0.5405405405405406,0.8279524214103653,"[[1769, 285], [120, 180]]"
0.03109999999999986,0.3879310344827586,0.6,0.4712041884816754,0.5408653846153846,0.8283772302463891,"[[1770, 284], [120, 180]]"
0.03119999999999986,0.3874458874458874,0.5966666666666667,0.46981627296587924,0.5385078219013237,0.8283772302463891,"[[1771, 283], [121, 179]]"
0.031299999999999856,0.3882863340563991,0.5966666666666667,0.4704336399474376,0.5388320288982541,0.8288020390824129,"[[1772, 282], [121, 179]]"
0.03139999999999986,0.3882863340563991,0.5966666666666667,0.4704336399474376,0.5388320288982541,0.8288020390824129,"[[1772, 282], [121, 179]]"
0.03149999999999986,0.3882863340563991,0.5966666666666667,0.4704336399474376,0.5388320288982541,0.8288020390824129,"[[1772, 282], [121, 179]]"
0.03159999999999986,0.3882863340563991,0.5966666666666667,0.4704336399474376,0.5388320288982541,0.8288020390824129,"[[1772, 282], [121, 179]]"
0.03169999999999985,0.3882863340563991,0.5966666666666667,0.4704336399474376,0.5388320288982541,0.8288020390824129,"[[1772, 282], [121, 179]]"
0.031799999999999856,0.3882863340563991,0.5966666666666667,0.4704336399474376,0.5388320288982541,0.8288020390824129,"[[1772, 282], [121, 179]]"
0.03189999999999986,0.3869565217391304,0.5933333333333334,0.46842105263157896,0.536144578313253,0.8283772302463891,"[[1772, 282], [122, 178]]"
0.031999999999999855,0.3869565217391304,0.5933333333333334,0.46842105263157896,0.536144578313253,0.8283772302463891,"[[1772, 282], [122, 178]]"
0.03209999999999985,0.3869565217391304,0.5933333333333334,0.46842105263157896,0.536144578313253,0.8283772302463891,"[[1772, 282], [122, 178]]"
0.032199999999999854,0.3877995642701525,0.5933333333333334,0.46903820816864294,0.5364677516576251,0.8288020390824129,"[[1773, 281], [122, 178]]"
0.03229999999999986,0.3877995642701525,0.5933333333333334,0.46903820816864294,0.5364677516576251,0.8288020390824129,"[[1773, 281], [122, 178]]"
0.03239999999999985,0.388646288209607,0.5933333333333334,0.46965699208443273,0.5367913148371531,0.8292268479184367,"[[1774, 280], [122, 178]]"
0.03249999999999985,0.388646288209607,0.5933333333333334,0.46965699208443273,0.5367913148371531,0.8292268479184367,"[[1774, 280], [122, 178]]"
0.03259999999999985,0.3868131868131868,0.5866666666666667,0.46622516556291393,0.5317220543806647,0.8288020390824129,"[[1775, 279], [124, 176]]"
0.032699999999999854,0.3868131868131868,0.5866666666666667,0.46622516556291393,0.5317220543806647,0.8288020390824129,"[[1775, 279], [124, 176]]"
0.03279999999999985,0.3868131868131868,0.5866666666666667,0.46622516556291393,0.5317220543806647,0.8288020390824129,"[[1775, 279], [124, 176]]"
0.032899999999999846,0.3876651982378855,0.5866666666666667,0.46684350132625996,0.532043530834341,0.8292268479184367,"[[1776, 278], [124, 176]]"
0.03299999999999985,0.3876651982378855,0.5866666666666667,0.46684350132625996,0.532043530834341,0.8292268479184367,"[[1776, 278], [124, 176]]"
0.03309999999999985,0.38530066815144765,0.5766666666666667,0.46194926568758343,0.5245603395997575,0.8288020390824129,"[[1778, 276], [127, 173]]"
0.03319999999999985,0.38530066815144765,0.5766666666666667,0.46194926568758343,0.5245603395997575,0.8288020390824129,"[[1778, 276], [127, 173]]"
0.033299999999999844,0.38530066815144765,0.5766666666666667,0.46194926568758343,0.5245603395997575,0.8288020390824129,"[[1778, 276], [127, 173]]"
0.033399999999999846,0.38392857142857145,0.5733333333333334,0.45989304812834225,0.5218446601941747,0.8283772302463891,"[[1778, 276], [128, 172]]"
0.03349999999999985,0.38392857142857145,0.5733333333333334,0.45989304812834225,0.5218446601941747,0.8283772302463891,"[[1778, 276], [128, 172]]"
0.033599999999999845,0.38478747203579416,0.5733333333333334,0.4605087014725569,0.5221615057680632,0.8288020390824129,"[[1779, 275], [128, 172]]"
0.03369999999999984,0.38478747203579416,0.5733333333333334,0.4605087014725569,0.5221615057680632,0.8288020390824129,"[[1779, 275], [128, 172]]"
0.033799999999999844,0.38478747203579416,0.5733333333333334,0.4605087014725569,0.5221615057680632,0.8288020390824129,"[[1779, 275], [128, 172]]"
0.03389999999999985,0.38478747203579416,0.5733333333333334,0.4605087014725569,0.5221615057680632,0.8288020390824129,"[[1779, 275], [128, 172]]"
0.03399999999999984,0.38478747203579416,0.5733333333333334,0.4605087014725569,0.5221615057680632,0.8288020390824129,"[[1779, 275], [128, 172]]"
0.03409999999999984,0.38478747203579416,0.5733333333333334,0.4605087014725569,0.5221615057680632,0.8288020390824129,"[[1779, 275], [128, 172]]"
0.03419999999999984,0.3842696629213483,0.57,0.4590604026845638,0.5197568389057751,0.8288020390824129,"[[1780, 274], [129, 171]]"
0.034299999999999845,0.3842696629213483,0.57,0.4590604026845638,0.5197568389057751,0.8288020390824129,"[[1780, 274], [129, 171]]"
0.03439999999999984,0.38148984198645597,0.5633333333333334,0.4549125168236878,0.5143031040779062,0.8279524214103653,"[[1780, 274], [131, 169]]"
0.034499999999999836,0.38148984198645597,0.5633333333333334,0.4549125168236878,0.5143031040779062,0.8279524214103653,"[[1780, 274], [131, 169]]"
0.03459999999999984,0.38148984198645597,0.5633333333333334,0.4549125168236878,0.5143031040779062,0.8279524214103653,"[[1780, 274], [131, 169]]"
0.03469999999999984,0.38181818181818183,0.56,0.4540540540540541,0.5121951219512195,0.8283772302463891,"[[1782, 272], [132, 168]]"
0.03479999999999984,0.38181818181818183,0.56,0.4540540540540541,0.5121951219512195,0.8283772302463891,"[[1782, 272], [132, 168]]"
0.034899999999999834,0.3826879271070615,0.56,0.4546684709066306,0.5125076266015863,0.8288020390824129,"[[1783, 271], [132, 168]]"
0.03499999999999984,0.3826879271070615,0.56,0.4546684709066306,0.5125076266015863,0.8288020390824129,"[[1783, 271], [132, 168]]"
0.03509999999999984,0.3826879271070615,0.56,0.4546684709066306,0.5125076266015863,0.8288020390824129,"[[1783, 271], [132, 168]]"
0.035199999999999836,0.38443935926773454,0.56,0.4559023066485753,0.5131337813072694,0.8296516567544605,"[[1785, 269], [132, 168]]"
0.03529999999999983,0.38443935926773454,0.56,0.4559023066485753,0.5131337813072694,0.8296516567544605,"[[1785, 269], [132, 168]]"
0.035399999999999834,0.38443935926773454,0.56,0.4559023066485753,0.5131337813072694,0.8296516567544605,"[[1785, 269], [132, 168]]"
0.03549999999999984,0.3824884792626728,0.5533333333333333,0.45231607629427795,0.5079559363525091,0.8292268479184367,"[[1786, 268], [134, 166]]"
0.03559999999999983,0.3824884792626728,0.5533333333333333,0.45231607629427795,0.5079559363525091,0.8292268479184367,"[[1786, 268], [134, 166]]"
0.03569999999999983,0.3824884792626728,0.5533333333333333,0.45231607629427795,0.5079559363525091,0.8292268479184367,"[[1786, 268], [134, 166]]"
0.03579999999999983,0.3824884792626728,0.5533333333333333,0.45231607629427795,0.5079559363525091,0.8292268479184367,"[[1786, 268], [134, 166]]"
0.035899999999999835,0.3824884792626728,0.5533333333333333,0.45231607629427795,0.5079559363525091,0.8292268479184367,"[[1786, 268], [134, 166]]"
0.03599999999999983,0.3824884792626728,0.5533333333333333,0.45231607629427795,0.5079559363525091,0.8292268479184367,"[[1786, 268], [134, 166]]"
0.03609999999999983,0.3824884792626728,0.5533333333333333,0.45231607629427795,0.5079559363525091,0.8292268479184367,"[[1786, 268], [134, 166]]"
0.03619999999999983,0.3824884792626728,0.5533333333333333,0.45231607629427795,0.5079559363525091,0.8292268479184367,"[[1786, 268], [134, 166]]"
0.03629999999999983,0.3833718244803695,0.5533333333333333,0.4529331514324693,0.5082669932639314,0.8296516567544605,"[[1787, 267], [134, 166]]"
0.03639999999999983,0.3833718244803695,0.5533333333333333,0.4529331514324693,0.5082669932639314,0.8296516567544605,"[[1787, 267], [134, 166]]"
0.036499999999999824,0.3833718244803695,0.5533333333333333,0.4529331514324693,0.5082669932639314,0.8296516567544605,"[[1787, 267], [134, 166]]"
0.03659999999999983,0.3833718244803695,0.5533333333333333,0.4529331514324693,0.5082669932639314,0.8296516567544605,"[[1787, 267], [134, 166]]"
0.03669999999999983,0.3833718244803695,0.5533333333333333,0.4529331514324693,0.5082669932639314,0.8296516567544605,"[[1787, 267], [134, 166]]"
0.036799999999999826,0.3833718244803695,0.5533333333333333,0.4529331514324693,0.5082669932639314,0.8296516567544605,"[[1787, 267], [134, 166]]"
0.03689999999999982,0.3833718244803695,0.5533333333333333,0.4529331514324693,0.5082669932639314,0.8296516567544605,"[[1787, 267], [134, 166]]"
0.036999999999999825,0.3833718244803695,0.5533333333333333,0.4529331514324693,0.5082669932639314,0.8296516567544605,"[[1787, 267], [134, 166]]"
0.03709999999999983,0.3833718244803695,0.5533333333333333,0.4529331514324693,0.5082669932639314,0.8296516567544605,"[[1787, 267], [134, 166]]"
0.037199999999999823,0.3833718244803695,0.5533333333333333,0.4529331514324693,0.5082669932639314,0.8296516567544605,"[[1787, 267], [134, 166]]"
0.03729999999999982,0.3833718244803695,0.5533333333333333,0.4529331514324693,0.5082669932639314,0.8296516567544605,"[[1787, 267], [134, 166]]"
0.03739999999999982,0.3833718244803695,0.5533333333333333,0.4529331514324693,0.5082669932639314,0.8296516567544605,"[[1787, 267], [134, 166]]"
0.037499999999999825,0.3833718244803695,0.5533333333333333,0.4529331514324693,0.5082669932639314,0.8296516567544605,"[[1787, 267], [134, 166]]"
0.03759999999999982,0.3833718244803695,0.5533333333333333,0.4529331514324693,0.5082669932639314,0.8296516567544605,"[[1787, 267], [134, 166]]"
0.03769999999999982,0.38425925925925924,0.5533333333333333,0.453551912568306,0.508578431372549,0.8300764655904843,"[[1788, 266], [134, 166]]"
0.03779999999999982,0.3851508120649652,0.5533333333333333,0.454172366621067,0.5088902513795218,0.8305012744265081,"[[1789, 265], [134, 166]]"
0.03789999999999982,0.386046511627907,0.5533333333333333,0.4547945205479452,0.50920245398773,0.8309260832625318,"[[1790, 264], [134, 166]]"
0.03799999999999982,0.386046511627907,0.5533333333333333,0.4547945205479452,0.50920245398773,0.8309260832625318,"[[1790, 264], [134, 166]]"
0.038099999999999815,0.386046511627907,0.5533333333333333,0.4547945205479452,0.50920245398773,0.8309260832625318,"[[1790, 264], [134, 166]]"
0.03819999999999982,0.386046511627907,0.5533333333333333,0.4547945205479452,0.50920245398773,0.8309260832625318,"[[1790, 264], [134, 166]]"
0.03829999999999982,0.386046511627907,0.5533333333333333,0.4547945205479452,0.50920245398773,0.8309260832625318,"[[1790, 264], [134, 166]]"
0.038399999999999816,0.386046511627907,0.5533333333333333,0.4547945205479452,0.50920245398773,0.8309260832625318,"[[1790, 264], [134, 166]]"
0.03849999999999981,0.3855140186915888,0.55,0.4532967032967033,0.5067567567567568,0.8309260832625318,"[[1791, 263], [135, 165]]"
0.038599999999999815,0.3855140186915888,0.55,0.4532967032967033,0.5067567567567568,0.8309260832625318,"[[1791, 263], [135, 165]]"
0.03869999999999982,0.3855140186915888,0.55,0.4532967032967033,0.5067567567567568,0.8309260832625318,"[[1791, 263], [135, 165]]"
0.038799999999999814,0.3864168618266979,0.55,0.45392022008253097,0.5070682237246465,0.8313508920985556,"[[1792, 262], [135, 165]]"
0.03889999999999981,0.3864168618266979,0.55,0.45392022008253097,0.5070682237246465,0.8313508920985556,"[[1792, 262], [135, 165]]"
0.03899999999999981,0.38497652582159625,0.5466666666666666,0.45179063360881544,0.5043050430504306,0.8309260832625318,"[[1792, 262], [136, 164]]"
0.039099999999999815,0.38588235294117645,0.5466666666666666,0.45241379310344826,0.5046153846153846,0.8313508920985556,"[[1793, 261], [136, 164]]"
0.03919999999999981,0.38588235294117645,0.5466666666666666,0.45241379310344826,0.5046153846153846,0.8313508920985556,"[[1793, 261], [136, 164]]"
0.039299999999999814,0.38588235294117645,0.5466666666666666,0.45241379310344826,0.5046153846153846,0.8313508920985556,"[[1793, 261], [136, 164]]"
0.03939999999999981,0.3867924528301887,0.5466666666666666,0.4530386740331492,0.5049261083743842,0.8317757009345794,"[[1794, 260], [136, 164]]"
0.039499999999999806,0.3867924528301887,0.5466666666666666,0.4530386740331492,0.5049261083743842,0.8317757009345794,"[[1794, 260], [136, 164]]"
0.03959999999999981,0.3867924528301887,0.5466666666666666,0.4530386740331492,0.5049261083743842,0.8317757009345794,"[[1794, 260], [136, 164]]"
0.03969999999999981,0.38534278959810875,0.5433333333333333,0.4508990318118949,0.5021565003080715,0.8313508920985556,"[[1794, 260], [137, 163]]"
0.03979999999999981,0.38534278959810875,0.5433333333333333,0.4508990318118949,0.5021565003080715,0.8313508920985556,"[[1794, 260], [137, 163]]"
0.039899999999999804,0.38534278959810875,0.5433333333333333,0.4508990318118949,0.5021565003080715,0.8313508920985556,"[[1794, 260], [137, 163]]"
0.03999999999999981,0.3862559241706161,0.5433333333333333,0.4515235457063712,0.5024660912453761,0.8317757009345794,"[[1795, 259], [137, 163]]"
