study_idx,trial_number,value,state,param__tfidf_max_features,param__tfidf_min_df,param__tfidf_ngram_range,param__real_pos_weight_mult,param__gen_pos_weight_mult,param__neg_weight_mult,param__n_estimators,param__learning_rate,param__max_depth,param__min_child_weight,param__subsample,param__colsample_bytree,param__reg_alpha,param__reg_lambda,param__gamma,param__max_delta_step,attr__val_best_threshold,attr__val_f1,attr__val_precision,attr__val_recall,attr__val_ap,attr__actual_w_real_pos,attr__actual_w_generated_pos,attr__actual_w_neg,attr__tfidf_vocab_size
0,0,1.02,TrialState.COMPLETE,550,1,"(1, 2)",1.7781056670396789,0.41693915790156144,1.9054514380117786,1100,0.018891200276189388,3,3,0.7216968971838151,0.762378215816119,7.71800699380605e-05,0.017888967192999938,3.0592644736118975,0.6974693032602092,0.6877043247,1.0,1.0,1.0,1.0,5.334317001119037,0.5211739473769518,1.9054514380117786,550
0,1,1.02,TrialState.COMPLETE,500,3,"(1, 3)",0.6786776766081324,0.4560202417378189,1.8420546870447072,1200,0.11265466963346032,4,2,0.8736932106048627,0.7200762468698007,1.254134495897175e-07,0.13482509766281273,0.17194260557609198,4.546602010393911,0.4916083217,1.0,1.0,1.0,0.9999999999999999,2.036033029824397,0.5700253021722737,1.8420546870447072,500
0,3,1.02,TrialState.COMPLETE,300,3,"(1, 2)",1.8460686352457158,1.8922076559131324,0.4506246885202636,500,0.014149761574941432,8,8,0.7323592099410596,0.5317791751430119,6.292756043818863e-06,0.0250393598794207,3.64803089169032,3.1877873567760657,0.8334108591,1.0,1.0,1.0,1.0,5.538205905737147,2.3652595698914154,0.4506246885202636,300
0,6,1.02,TrialState.COMPLETE,300,2,"(1, 2)",0.7850452906010253,1.0893887777574205,0.6491796610875912,500,0.011168401671455937,6,7,0.6205915004999957,0.6393232321183058,1.49414578394363,0.010724149943036814,0.7244743604561155,2.447263801387815,0.7017979026,1.0,1.0,1.0,1.0000000000000002,2.355135871803076,1.3617359721967757,0.6491796610875912,300
0,5,1.02,TrialState.COMPLETE,500,2,"(1, 3)",1.3141951020717808,2.0352585769708194,1.6920022301269089,500,0.013905315749737282,3,6,0.9272059063689972,0.9303652916281717,1.1549659339590204e-08,0.15730389220134705,2.087055015743895,1.1105390523536514,0.8072469234,1.0,1.0,1.0,1.0,3.942585306215342,2.544073221213524,1.6920022301269089,500
0,13,1.02,TrialState.COMPLETE,200,4,"(1, 2)",0.5743764576764617,1.0072131863484086,1.3504228589029945,1000,0.03487776753903612,3,3,0.7020228276855583,0.8162458204597013,0.002816522659723788,11.399413962934295,4.501074183915022,4.905419786649717,0.6112601757,1.0,1.0,1.0,1.0,1.7231293730293853,1.2590164829355108,1.3504228589029945,200
0,11,1.02,TrialState.COMPLETE,600,1,"(1, 3)",0.5064396105682599,0.6795924772105844,1.997702137052522,1200,0.15539296506360567,4,1,0.8068005390606677,0.7491340783908501,4.177495820062547e-08,0.3144223405775088,0.017194062426710954,3.6060222293083943,0.9630539417,1.0,1.0,1.0,1.0,1.5193188317047799,0.8494905965132304,1.997702137052522,600
0,10,1.02,TrialState.COMPLETE,750,1,"(1, 2)",2.6588597194381483,0.7480671566619724,1.1580116227192663,1200,0.0324035792610057,5,1,0.6522206236658292,0.8485779491700473,0.00653531288997317,0.0021390217524632693,4.931840999459098,1.7231495724818258,0.7341842055,1.0,1.0,1.0,1.0,7.976579158314445,0.9350839458274656,1.1580116227192663,750
0,9,1.02,TrialState.COMPLETE,1100,5,"(1, 1)",1.6416279420668067,0.40410031342170927,0.518155360835472,800,0.0794650948407619,6,3,0.8848716885390143,0.6186245437484,8.483934041619824e-06,1.624358647930942,3.2481644952360735,4.24611705247089,0.6897971034,1.0,1.0,1.0,1.0,4.92488382620042,0.5051253917771366,0.518155360835472,1100
0,29,1.02,TrialState.COMPLETE,450,1,"(1, 3)",2.409000186302154,1.251298377283819,1.7245299331963908,600,0.02084990134648037,2,8,0.7533380289448645,0.9978058002868975,0.12260798075356408,0.018967706060421065,1.2006163999776394,2.808393690669157,0.7325647473,1.0,1.0,1.0,1.0000000000000002,7.227000558906462,1.5641229716047738,1.7245299331963908,450
0,30,1.02,TrialState.COMPLETE,250,4,"(1, 1)",0.8832725877416375,0.9522086746379839,1.452661653623409,400,0.016132066663365703,2,4,0.66023934686834,0.6622014871463795,2.0253816327332815e-06,0.0033981277720594475,2.4260020420962847,3.4756024471588383,0.6819016337,1.0,1.0,1.0,1.0,2.6498177632249127,1.1902608432974797,1.452661653623409,250
0,33,1.02,TrialState.COMPLETE,350,2,"(1, 3)",1.1616274316725161,2.4446858155429996,1.6602726789378688,200,0.020096791906164098,4,6,0.9437925518897182,0.9516614040821576,2.6024538067445817e-08,4.411970375760298,1.5683741332050172,1.2586899742797288,0.7679173946,1.0,1.0,1.0,1.0,3.4848822950175484,3.0558572694287496,1.6602726789378688,350
0,28,1.02,TrialState.COMPLETE,450,1,"(1, 1)",0.9489531164497285,1.6774311989140949,0.926175079166905,900,0.10021037773615263,8,4,0.621903727905697,0.9144203744354307,0.001376753912638962,0.04994206314631766,3.52830543713393,4.500784500459978,0.8653652668,1.0,1.0,1.0,1.0000000000000002,2.8468593493491854,2.0967889986426185,0.926175079166905,450
0,20,1.02,TrialState.COMPLETE,350,5,"(1, 3)",1.518008529103738,0.5214333459462459,1.6183742651856952,800,0.07558430382560279,7,1,0.901195581533596,0.7730548945181863,1.561606919003924e-06,0.006413287291364983,2.2595261301343696,4.95738118264838,0.7170627117,1.0,1.0,1.0,0.9999999999999999,4.554025587311214,0.6517916824328074,1.6183742651856952,350
0,17,1.02,TrialState.COMPLETE,600,3,"(1, 2)",2.9864304055051427,0.5364973220741907,1.9590519796872365,1100,0.11385229582518759,5,2,0.9978630485513873,0.6911196109239529,0.00020794377078698557,1.0935892559063887,2.668396066961133,0.8430783449098916,0.7787683606,1.0,1.0,1.0,1.0,8.959291216515428,0.6706216525927383,1.9590519796872365,600
0,27,1.02,TrialState.COMPLETE,700,3,"(1, 2)",2.316677833345035,0.5864172653005457,1.8541718248356753,600,0.059313268779786446,4,2,0.7284722744031821,0.7775352543850991,7.773757957641447e-08,11.415727444203014,3.0037469780395707,2.005604466351146,0.3979506195,1.0,1.0,1.0,1.0,6.950033500035105,0.7330215816256822,1.8541718248356753,700
2,25,1.02,TrialState.COMPLETE,300,3,"(1, 2)",0.8061064067114906,0.5182293572929751,1.7022858399215801,400,0.059447790384207215,4,2,0.8339206950879876,0.552238136450014,0.00019819074580186837,0.2299793207195418,2.248006855699826,2.8474034672471245,0.8138734102,1.0,1.0,1.0,0.9999999999999999,2.418319220134472,0.6477866966162189,1.7022858399215801,300
2,27,1.02,TrialState.COMPLETE,450,1,"(1, 2)",0.5868576113875664,1.034807482992251,1.3519428094528607,900,0.14040588134154772,7,3,0.762749832666782,0.6393183289633106,1.41429499423443,0.07015788510671042,0.4866000611607689,4.4462130004790525,0.8950487375,1.0,1.0,1.0,0.9999999999999999,1.7605728341626992,1.2935093537403137,1.3519428094528607,450
2,29,1.02,TrialState.COMPLETE,550,2,"(1, 1)",0.7545504261995533,2.50675351930159,0.8926087302252241,500,0.02311275944043018,5,6,0.9288051190165993,0.591112199248434,0.21291061308989487,0.04795255924684673,4.994930630899463,0.3402205006443868,0.8301413059,1.0,1.0,1.0,1.0,2.26365127859866,3.1334418991269875,0.8926087302252241,550
2,33,1.02,TrialState.COMPLETE,750,1,"(1, 2)",0.7156429773054565,1.9758848006000262,1.0135420506883348,600,0.15420967549277503,6,3,0.7168383344972046,0.5916789184590556,2.441529002289142e-06,7.032536884674138,2.1415873746866385,4.707671976599656,0.6910168529,1.0,1.0,1.0,1.0,2.1469289319163694,2.469856000750033,1.0135420506883348,750
2,26,1.02,TrialState.COMPLETE,600,2,"(1, 2)",2.370953724931455,1.2686004704909586,0.7430252651100628,700,0.09515304552457401,5,4,0.8689001600093631,0.7150344051967493,0.0033476222966926984,7.382460310075209,1.3700587360243381,3.718188239422404,0.8644786477,1.0,1.0,1.0,1.0,7.112861174794364,1.5857505881136982,0.7430252651100628,600
2,23,1.02,TrialState.COMPLETE,450,2,"(1, 2)",0.5798425995113827,1.0508660554663432,1.2461671342763643,700,0.14326972605786478,7,4,0.7002728530476509,0.7545870242310697,0.05544040140586172,4.684363819955766,0.5772068743263865,3.5500637750970174,0.8240699172,1.0,1.0,1.0,1.0,1.7395277985341482,1.313582569332929,1.2461671342763643,450
2,22,1.02,TrialState.COMPLETE,250,2,"(1, 2)",0.6482509362906067,0.76786374532507,1.5627751623770967,800,0.088420473669204,6,2,0.6427185996993394,0.5797075069408439,0.0021932490173595383,1.7418644648649595,0.40905190089663757,4.605784639352917,0.8238571882,1.0,1.0,1.0,0.9999999999999999,1.94475280887182,0.9598296816563374,1.5627751623770967,250
2,21,1.02,TrialState.COMPLETE,200,2,"(1, 2)",0.5023468269294087,0.9289171758917546,1.300486428438918,600,0.10207093530709795,6,4,0.7358082011168622,0.6690087777194647,0.06258851022803659,1.9556982947265893,0.102093732674581,3.8940816931189604,0.8312654495,1.0,1.0,1.0,1.0,1.507040480788226,1.1611464698646932,1.300486428438918,200
2,34,1.02,TrialState.COMPLETE,550,1,"(1, 2)",1.4600778720053866,1.3996346043212085,0.7019618034390392,700,0.07881398705380216,5,1,0.8309521670392442,0.6559192381091165,1.6766014046619477e-07,2.6275245862170364,2.5239640720255934,3.964082626924318,0.828230679,1.0,1.0,1.0,1.0,4.3802336160161595,1.7495432554015107,0.7019618034390392,550
2,7,1.02,TrialState.COMPLETE,600,2,"(1, 2)",1.1536241173833843,2.3917247229029632,0.7120931021079001,700,0.10634163971519954,6,3,0.8789063653444669,0.6050827085845583,0.036010725838106085,4.485141885162122,1.0593473608390214,4.2936645038937,0.7967589498,1.0,1.0,1.0,1.0000000000000002,3.4608723521501528,2.9896559036287043,0.7120931021079001,600
2,17,1.02,TrialState.COMPLETE,350,1,"(1, 1)",0.672887308730359,2.0571492103096447,1.011498093863409,700,0.025305024260223002,5,5,0.9452391509834732,0.6182153569364531,0.8129511669834043,0.10138174616456505,1.892885613204472,4.109538030726591,0.8897619247,1.0,1.0,1.0,1.0,2.018661926191077,2.5714365128870558,1.011498093863409,350
2,12,1.02,TrialState.COMPLETE,800,1,"(1, 2)",0.694174507217684,1.4621461437811605,1.103747953141712,700,0.11525196721589928,6,3,0.8033490415946727,0.5019902997779339,1.465052924695508e-05,1.2970880593257528,1.7404794589740336,4.879871088793964,0.8620178103,1.0,1.0,1.0,1.0,2.082523521653052,1.8276826797264505,1.103747953141712,800
2,11,1.02,TrialState.COMPLETE,250,2,"(1, 2)",0.5666649783772366,0.897946165854899,1.2032714110865588,600,0.09760384032774938,6,4,0.7426243088979979,0.688333473534494,0.06436952467318148,1.9597612513658285,0.035852875543970875,3.493419293331221,0.8633211851,1.0,1.0,1.0,1.0,1.6999949351317099,1.1224327073186238,1.2032714110865588,250
1,34,1.02,TrialState.COMPLETE,550,4,"(1, 2)",2.289137682340972,2.955301831883907,1.7548197562101209,1200,0.09624632003791796,3,4,0.9353789961221805,0.6928856041570527,0.00019891708887496322,3.0368915884483325,1.516915663065243,2.304906167582349,0.7084903121,1.0,1.0,1.0,1.0000000000000002,6.867413047022916,3.694127289854884,1.7548197562101209,550
2,2,1.02,TrialState.COMPLETE,400,2,"(1, 1)",0.6446607776857922,0.7971781387365665,1.4240941339449478,600,0.17799685550114694,7,4,0.6196670249416255,0.8373265343195486,0.1458248777671482,0.9491258724773445,3.4996614720746666,0.34095021433291184,0.5991584063,1.0,1.0,1.0,1.0,1.9339823330573767,0.9964726734207081,1.4240941339449478,400
1,32,1.02,TrialState.COMPLETE,500,1,"(1, 2)",1.2795108750018007,2.5720926144691525,1.6601526568616574,1000,0.0743483218012901,2,3,0.9475927516073066,0.7380710208206499,5.830612140125866e-07,2.7423762742385756,0.856982046438978,3.9075200960482817,0.9397205114,1.0,1.0,1.0,1.0,3.838532625005402,3.2151157680864406,1.6601526568616574,500
1,31,1.02,TrialState.COMPLETE,500,1,"(1, 2)",1.056071942557367,2.2012257829469566,1.9435149186989114,900,0.08437667875532123,2,4,0.9631364403742511,0.5474673337865417,2.6075626787581706e-07,1.5790040539307548,0.909172177784999,4.269497609345214,0.6768000722,1.0,1.0,1.0,1.0,3.168215827672101,2.7515322286836956,1.9435149186989114,500
1,22,1.02,TrialState.COMPLETE,850,5,"(1, 2)",0.8899361969251987,2.0548509042471492,1.0631804188170724,400,0.10034245588968585,4,2,0.9079592940513178,0.6945157903185797,0.00327213406337747,0.20389824155697517,0.5882415786315492,2.0078974417697673,0.7945953012,1.0,1.0,1.0,1.0,2.669808590775596,2.5685636303089368,1.0631804188170724,850
1,23,1.02,TrialState.COMPLETE,600,5,"(1, 2)",0.7553753674840699,2.635258760399029,0.8389887797936805,700,0.06515370387122442,5,4,0.9593816157368442,0.5186076078016543,0.0004960227819386974,0.0033119352492389136,0.030520075112089106,2.02317683708269,0.9363738298,1.0,1.0,1.0,1.0,2.2661261024522097,3.2940734504987863,0.8389887797936805,600
1,25,1.02,TrialState.COMPLETE,700,1,"(1, 2)",1.1391464183356905,1.8982725565911014,1.1471974026854235,700,0.030545197584679475,4,6,0.9676622482265069,0.8434745152627077,1.742653196476473e-05,0.008811667426821065,0.9468026065153701,1.4662632204231019,0.7247873545,1.0,1.0,1.0,1.0,3.4174392550070714,2.372840695738877,1.1471974026854235,700
1,26,1.02,TrialState.COMPLETE,450,5,"(1, 2)",0.5695670128350845,0.501781604660461,1.4947196679984038,300,0.08073713483329037,5,3,0.9363159347946094,0.6476054853534072,0.0009233056802151269,0.2648810997666457,0.42229937466816164,2.58343747366224,0.8391653895,1.0,1.0,1.0,1.0,1.7087010385052535,0.6272270058255762,1.4947196679984038,450
1,15,1.02,TrialState.COMPLETE,600,5,"(1, 2)",0.8416195841383617,2.846973219027287,1.118551481385662,500,0.06995500976035281,4,3,0.9382122871786118,0.5000095496423471,0.0005531603504146796,0.02946332436328127,1.000273855899751,2.193815256036914,0.898545444,1.0,1.0,1.0,1.0,2.524858752415085,3.558716523784109,1.118551481385662,600
1,17,1.02,TrialState.COMPLETE,500,1,"(1, 2)",1.0316900705484804,1.9568529563695274,1.8881361291704435,900,0.07945271484685877,2,4,0.9504570834444349,0.7268387315586761,7.569837581392757e-07,1.7324641475529123,0.8356719558975796,3.658799152209364,0.659126699,1.0,1.0,1.0,1.0000000000000002,3.0950702116454414,2.4460661954619094,1.8881361291704435,500
1,11,1.02,TrialState.COMPLETE,600,5,"(1, 2)",0.8692217458527643,1.024531794249258,1.0813531622132613,500,0.0640416345000067,4,2,0.9980348772830956,0.8255737815801375,0.0004984476279423709,0.41932610380697205,0.015546726514915177,1.682121180870524,0.7769877315,1.0,1.0,1.0,1.0,2.607665237558293,1.2806647428115725,1.0813531622132613,600
1,9,1.02,TrialState.COMPLETE,300,1,"(1, 2)",0.5982539522383941,1.1228159056596507,0.8781787743462958,700,0.0959894766074491,8,4,0.8465664634163462,0.9982033391937442,0.11493153598850607,5.3464032460448525,4.73252789145029,2.179909580586847,0.7834935784,1.0,1.0,1.0,0.9999999999999999,1.7947618567151822,1.4035198820745634,0.8781787743462958,300
2,18,1.02,TrialState.COMPLETE,650,2,"(1, 2)",1.1803772218519575,1.409158216082452,1.2424028134770788,600,0.13324696531787544,7,3,0.8209345302837463,0.8160223081387559,0.009221023952269607,3.400434602148666,3.9521025375088126,0.724661517999883,0.8170058131,1.0,1.0,1.0,1.0,3.5411316655558727,1.761447770103065,1.2424028134770788,650
2,31,1.02,TrialState.COMPLETE,850,1,"(1, 2)",0.6362249744456273,1.4908697245977331,1.438141917492103,700,0.10078117312720664,6,3,0.8108628873408061,0.5395635192088042,2.6035261865067913e-05,1.5016946009274106,1.8600121030325623,4.983696535449626,0.8708785772,1.0,1.0,1.0,1.0,1.908674923336882,1.8635871557471664,1.438141917492103,850
2,32,1.0096907216494846,TrialState.COMPLETE,850,1,"(1, 2)",0.5433962882137067,2.995878924805974,1.1314512275410973,800,0.11724934379221058,7,2,0.7865028595249853,0.5008553303059985,4.440722269794103e-06,1.3716378638206994,1.5071779416846638,4.601958930744766,0.8530348539,0.9896907216494846,0.9795918367346939,1.0,1.0,1.63018886464112,3.744848656007467,1.1314512275410973,850
2,30,1.0096907216494846,TrialState.COMPLETE,250,2,"(1, 2)",0.8719992246358361,0.9077089644549714,1.6163206496517843,400,0.0383761791353019,6,8,0.8777915149326297,0.8222862024207747,0.1485580391209218,0.692913663592919,2.8005967890819283,1.4312337863177893,0.5749044418,0.9896907216494846,0.9795918367346939,1.0,0.9999999999999999,2.6159976739075086,1.1346362055687143,1.6163206496517843,250
1,24,1.0096907216494846,TrialState.COMPLETE,1000,5,"(1, 2)",0.9417539411479021,1.324527712285013,0.964897743649283,500,0.04920569003965824,3,1,0.8922621048277676,0.7737684770393509,5.400838173685485e-06,0.028130140327180864,1.302902850423725,1.0896937721529723,0.7913660407,0.9896907216494846,0.9795918367346939,1.0,0.9999999999999999,2.8252618234437064,1.6556596403562662,0.964897743649283,1000
2,15,1.0096907216494846,TrialState.COMPLETE,400,2,"(1, 1)",1.635511329954499,1.1989245837205955,1.8681422288984912,800,0.1220517319041314,7,2,0.7922140699765516,0.7353390510225686,0.011509044048517377,0.11659906540340398,3.5490224104047106,4.983625553497215,0.6379545331,0.9896907216494846,0.9795918367346939,1.0,1.0,4.906533989863497,1.4986557296507443,1.8681422288984912,400
1,3,1.0096907216494846,TrialState.COMPLETE,750,5,"(1, 2)",1.6960771562020251,0.6246662401584931,0.9678162615435486,1100,0.090843871105587,5,5,0.9150083242400693,0.5844346537824927,0.0018933352729782963,0.07155665474228289,0.3095509259790974,1.4472738734705244,0.7255077362,0.9896907216494846,0.9795918367346939,1.0,1.0,5.088231468606075,0.7808328001981164,0.9678162615435486,750
0,24,1.0096907216494846,TrialState.COMPLETE,700,3,"(1, 2)",1.445032155483013,1.2527668475465117,0.6448925909688564,1100,0.013698691881341114,7,6,0.6594133606981494,0.8764491711673595,6.7295953829093656e-06,0.0029982977476760704,4.251313643434011,2.283957880357004,0.7767279744,0.9896907216494846,0.9795918367346939,1.0,1.0,4.3350964664490395,1.5659585594331396,0.6448925909688564,700
0,26,1.0096907216494846,TrialState.COMPLETE,300,3,"(1, 2)",1.8755779817359557,2.422948873308881,0.7244986056265044,900,0.03836494186998668,3,5,0.8371661819244651,0.6815674586855962,1.1044455328276816e-08,0.1549397794428393,1.8240781678828715,3.1470123592010633,0.7539332509,0.9896907216494846,0.9795918367346939,1.0,1.0,5.626733945207867,3.0286860916361014,0.7244986056265044,300
2,14,1.0096907216494846,TrialState.COMPLETE,650,2,"(1, 3)",0.7119936186248299,2.200961078372307,1.466845600787943,500,0.07756468346554994,6,5,0.6730301729220235,0.7842201364949526,2.237115838022908e-08,0.7983192229428422,1.8239804327399347,1.3183647284722624,0.7835899591,0.9896907216494846,0.9795918367346939,1.0,1.0,2.1359808558744895,2.7512013479653836,1.466845600787943,650
2,24,1.0096907216494846,TrialState.COMPLETE,350,4,"(1, 2)",0.5845400405376844,0.7515397166054025,1.08681406059859,600,0.19835267172351045,6,6,0.9164648297289739,0.676957807221847,0.6453033415722051,0.9161446445265735,1.3422201179034947,2.017777872246472,0.4634400606,0.9896907216494846,0.9795918367346939,1.0,1.0,1.7536201216130531,0.9394246457567532,1.08681406059859,350
1,28,1.0096907216494846,TrialState.COMPLETE,600,1,"(1, 3)",2.9259813809443553,1.4501976610285485,0.5558779137515919,900,0.054264880928793655,3,4,0.9995337700622237,0.8064906508061377,0.008249458689517198,0.11036899000351061,2.3148848737053083,1.8226672248796272,0.7946243882,0.9896907216494846,0.9795918367346939,1.0,1.0,8.777944142833066,1.8127470762856857,0.5558779137515919,600
1,19,1.0096907216494846,TrialState.COMPLETE,700,3,"(1, 1)",0.6014875812606612,0.7714295452297273,1.2364528892611406,600,0.014631425712284476,3,2,0.6163204612643868,0.8540615746294649,6.393708438439327e-05,0.014975895799024405,2.63746333320181,1.5709277817147917,0.6035788655,0.9896907216494846,0.9795918367346939,1.0,0.9999999999999999,1.8044627437819836,0.9642869315371592,1.2364528892611406,700
1,20,1.0096907216494846,TrialState.COMPLETE,650,2,"(1, 2)",0.7245398641675678,1.0204738132616846,1.5544361740921488,200,0.06007755640305005,5,4,0.807163129376559,0.9577207255229061,1.5082352684709695e-07,2.6163532289938547,0.6614136121816664,2.8850035477870786,0.6759291291,0.9896907216494846,0.9795918367346939,1.0,1.0,2.1736195925027033,1.2755922665771058,1.5544361740921488,650
1,6,1.0096907216494846,TrialState.COMPLETE,400,3,"(1, 3)",0.9846146405383913,1.648633706976423,0.9114958846811468,800,0.16411770452416538,3,5,0.8637868728492037,0.7073016814244961,1.985276312458841e-06,5.834337369608785,2.0089565460232253,2.8068396444588695,0.737881124,0.9896907216494846,0.9795918367346939,1.0,0.9999999999999999,2.953843921615174,2.0607921337205286,0.9114958846811468,400
1,33,1.0096907216494846,TrialState.COMPLETE,400,1,"(1, 2)",0.8433033864530439,1.8199959967908328,1.3722784063346813,700,0.15682735842911769,2,7,0.975540748224726,0.6366730575583837,1.5480841442570722e-08,9.403034817436751,0.26355345779469186,3.795125729243947,0.8390601873,0.9896907216494846,0.9795918367346939,1.0,1.0,2.5299101593591318,2.274994995988541,1.3722784063346813,400
0,14,1.0096907216494846,TrialState.COMPLETE,600,5,"(1, 3)",1.0141455766874847,0.5546681550933821,0.7781988685287636,1000,0.10692991128452896,5,2,0.8587053447190064,0.7163728055902457,4.2817052017612455e-07,0.0016969292173958548,2.6766371260905273,1.6890229689410687,0.7261395454,0.9896907216494846,0.9795918367346939,1.0,1.0,3.0424367300624544,0.6933351938667276,0.7781988685287636,600
0,15,1.0096907216494846,TrialState.COMPLETE,400,3,"(1, 2)",2.1103374650354296,2.947733838579287,0.9958929605647905,1200,0.05080534080689576,3,5,0.7595856642164592,0.9831866512725438,0.02657267658804557,0.08192574087110442,0.07510605812843663,3.717887378779443,0.8643259406,0.9896907216494846,0.9795918367346939,1.0,0.9999999999999999,6.331012395106288,3.6846672982241087,0.9958929605647905,400
0,31,1.009682218248124,TrialState.COMPLETE,500,2,"(1, 3)",1.3155943383277373,2.1553924625501555,1.696693106971565,400,0.013782345863179467,3,7,0.9173360306373823,0.93789983464048,1.645104183290773e-08,0.24131528944092742,0.5653141462664635,1.1285760228882677,0.6031970382,0.9896907216494846,0.9795918367346939,1.0,0.9995748299319728,3.946783014983212,2.6942405781876944,1.696693106971565,500
1,5,1.009682218248124,TrialState.COMPLETE,600,2,"(1, 1)",0.682782539820348,2.3611296508345405,1.4971140211473997,1000,0.12645356374868955,6,5,0.6918675965772197,0.9723128942264185,4.2221280295255786e-06,0.05802485500059871,1.6883213767715999,4.746642978091335,0.7691652179,0.9896907216494846,0.9795918367346939,1.0,0.9995748299319728,2.048347619461044,2.9514120635431755,1.4971140211473997,600
1,27,1.009682218248124,TrialState.COMPLETE,300,5,"(1, 2)",0.7191649090784176,0.7709027807657081,0.7251827698290457,600,0.11090714751355764,6,2,0.8120386854329399,0.8829478942670483,0.31041438475737587,0.7904765634355736,3.6930105420948647,3.3099224574736605,0.5801561475,0.9896907216494846,0.9795918367346939,1.0,0.9995748299319728,2.1574947272352527,0.9636284759571351,0.7251827698290457,300
0,19,1.009682218248124,TrialState.COMPLETE,500,4,"(1, 2)",0.9532330790163038,1.4913668930964066,1.129092448429403,1100,0.02439657946205028,3,3,0.7765103310075411,0.6862297448983872,1.1210535001620417e-07,0.5368702961879946,4.157310543389713,1.4938278650722094,0.5797393322,0.9896907216494846,0.9795918367346939,1.0,0.9995748299319728,2.8596992370489116,1.8642086163705083,1.129092448429403,500
2,13,1.009682218248124,TrialState.COMPLETE,350,2,"(1, 2)",2.029789214525729,0.7310198000267235,0.6152470751919384,900,0.19549876853609954,7,3,0.9783513751501662,0.6327196828222281,0.41667076684960913,11.505485557704912,3.402623803109982,3.2844329689099663,0.5174630284,0.9896907216494846,0.9795918367346939,1.0,0.9995748299319728,6.089367643577186,0.9137747500334044,0.6152470751919384,350
2,28,1.009682218248124,TrialState.COMPLETE,750,2,"(1, 3)",1.0549836114342823,0.66789660825055,1.142534672205042,500,0.010272950038774476,8,5,0.6008841532883105,0.7620214104396984,0.03217645493528613,2.2673247658227527,0.04260484957815337,3.312067932473959,0.5988614559,0.9896907216494846,0.9795918367346939,1.0,0.9995748299319728,3.164950834302847,0.8348707603131875,1.142534672205042,750
1,7,1.009682218248124,TrialState.COMPLETE,350,4,"(1, 2)",1.4992486836980976,1.485420815875229,1.278683397977153,800,0.1981257836886975,6,7,0.7415297341082886,0.5716971162614131,0.07418341133551763,5.33536335390514,2.334075481847237,4.710433924108117,0.6943474412,0.9896907216494846,0.9795918367346939,1.0,0.9995748299319729,4.497746051094293,1.8567760198440362,1.278683397977153,350
1,18,1.009682218248124,TrialState.COMPLETE,300,5,"(1, 3)",1.2863496177443026,1.2928501115773625,0.8003777838216981,400,0.03821911926858098,7,6,0.8662787448465142,0.9240651964023281,0.7122164438935347,14.650125201439492,4.103707018319158,1.0023612156957387,0.6940357089,0.9896907216494846,0.9795918367346939,1.0,0.9995748299319728,3.859048853232908,1.616062639471703,0.8003777838216981,300
1,13,1.009682218248124,TrialState.COMPLETE,200,1,"(1, 2)",0.8090344579167689,1.1328915084624998,1.0537359231431507,600,0.026286520659115704,2,3,0.9830711343965316,0.895010255951169,5.6617389331066576e-05,0.4036647541640588,4.098102411337136,3.4731693483851185,0.6335580349,0.9896907216494846,0.9795918367346939,1.0,0.9995748299319727,2.4271033737503065,1.4161143855781246,1.0537359231431507,200
1,21,1.009682218248124,TrialState.COMPLETE,500,5,"(1, 2)",0.8813138320276566,2.9289809366495967,1.1253808196410704,500,0.07380884569546611,4,3,0.9425368795034661,0.5053562160407755,0.0003479284281270749,0.027514463115435497,1.1882365782848643,2.3363186269253666,0.7750181556,0.9896907216494846,0.9795918367346939,1.0,0.9995748299319728,2.6439414960829697,3.6612261708119958,1.1253808196410704,500
2,3,1.0096561534743884,TrialState.COMPLETE,450,5,"(1, 1)",1.8966547700866618,0.6391970286869401,0.7356891746793905,500,0.07861871534491613,3,7,0.9848550641656546,0.8472779942886101,0.0006231174627190408,0.0012774878715956825,4.428070279153824,4.274713995226078,0.6601217985,0.9896907216494846,0.9795918367346939,1.0,0.9982715912451938,5.6899643102599855,0.7989962858586751,0.7356891746793905,450
0,32,1.0096557991659985,TrialState.COMPLETE,550,2,"(1, 3)",1.417580544439545,1.7865602789617832,1.813417470862697,500,0.012108899227797577,3,6,0.9405711894083802,0.6046274586011221,1.8241108472859105e-07,0.13370860120900305,1.8959600793696774,0.4184863050130976,0.4992035925,0.9896907216494846,0.9795918367346939,1.0,0.9982538758256926,4.252741633318635,2.233200348702229,1.813417470862697,550
0,25,1.009655614473327,TrialState.COMPLETE,400,1,"(1, 2)",1.1600044769078857,0.45872266225363395,1.3177944384658262,1100,0.02534759185223803,5,8,0.7794976865409841,0.5782750199501245,9.085141459759444e-05,0.014798985430409783,2.806434969089003,3.86460646969899,0.4138512611,0.9896907216494846,0.9795918367346939,1.0,0.998244641192123,3.480013430723657,0.5734033278170424,1.3177944384658262,400
0,8,1.0094570175438595,TrialState.COMPLETE,900,2,"(1, 1)",1.6313134427848641,2.0757712009998177,0.9775268722850387,700,0.02063749993873244,2,11,0.9601672228653322,0.816550728636634,1.1252994832518549e-05,0.031765877383157726,3.629778394351197,4.485551299762886,0.8265504837,0.9894736842105263,1.0,0.9791666666666666,0.9991666666666669,4.893940328354592,2.594714001249772,0.9775268722850387,900
0,22,1.0094491744066048,TrialState.COMPLETE,300,3,"(1, 2)",2.0727287582962854,2.8696777648935803,0.40218206530955464,300,0.024218342221328182,4,9,0.7300511998755994,0.5648140149309193,4.21797536776166e-05,0.0218409020689841,3.105711684059934,4.099512344975835,0.8805267215,0.9894736842105263,1.0,0.9791666666666666,0.9987745098039216,6.218186274888856,3.5870972061169755,0.40218206530955464,300
2,8,1.009441632928475,TrialState.COMPLETE,750,2,"(1, 1)",2.988528920661278,1.7593674144995357,0.4303155603932901,200,0.040383117153192476,5,6,0.9016956052986046,0.7955755766107101,0.0013103918871125923,0.0066530220059847316,4.674650468185174,3.5896980341412683,0.8727942705,0.9894736842105263,1.0,0.9791666666666666,0.9983974358974359,8.965586761983834,2.1992092681244197,0.4303155603932901,750
1,16,0.9995833333333333,TrialState.COMPLETE,350,1,"(1, 2)",0.6643691691766961,0.8647419561579729,0.6371772711358449,600,0.03584899421353207,4,2,0.8464913412286508,0.7799834010972406,0.033868256947711325,0.4655819763188453,4.166051123613788,2.455078619821292,0.5328478217,0.9795918367346939,0.96,1.0,0.9995748299319728,1.9931075075300884,1.0809274451974662,0.6371772711358449,350
2,1,0.9995746527777778,TrialState.COMPLETE,500,5,"(1, 2)",1.3400668994381133,2.8908528131982885,0.6018439461491334,900,0.01588721366491601,8,10,0.7334885756102588,0.8761003320088292,7.328129251470466e-07,0.0013690881626564509,2.375325272756151,1.9109260966118502,0.8241178393,0.9795918367346939,0.96,1.0,0.9991408021541951,4.02020069831434,3.6135660164978605,0.6018439461491334,500
0,16,0.9995567295585364,TrialState.COMPLETE,900,1,"(1, 3)",0.7810641400926962,0.8225034097735332,1.4727521219428565,900,0.032780706285626404,8,10,0.687013373397435,0.8805991604929907,4.9731464392867e-07,0.005596856964913653,1.6977778295084651,2.048197633134538,0.537653923,0.9795918367346939,0.96,1.0,0.9982446411921229,2.3431924202780885,1.0281292622169165,1.4727521219428565,900
1,29,0.9995487590160177,TrialState.COMPLETE,800,1,"(1, 1)",1.1872275762529656,0.46928435633348553,1.2850131310480313,500,0.06918461769256028,6,8,0.8834345895835979,0.7409687938007777,0.017125571493872865,0.0376502149391889,1.3944003034754777,0.5336384847565401,0.5351549983,0.9795918367346939,0.96,1.0,0.997846114066194,3.561682728758897,0.5866054454168569,1.2850131310480313,800
0,21,0.9995485662932302,TrialState.COMPLETE,200,3,"(1, 2)",1.9819445571841752,1.6462544852682417,0.5828654066286799,600,0.01051828023544586,8,9,0.6943040017224051,0.5139549616360075,2.235626356725155e-06,0.030501431021645122,3.6322456454820964,3.3031502976539158,0.7672703266,0.9795918367346939,0.96,1.0,0.997836477926817,5.945833671552526,2.057818106585302,0.5828654066286799,200
1,10,0.9995480324074074,TrialState.COMPLETE,200,1,"(1, 2)",0.5413113960010928,0.9678012150478007,0.6467161649929363,200,0.04817366464017394,8,1,0.6223913922948628,0.9937256059236284,1.4639179012477345e-08,0.007185421776328816,4.885571880618796,3.1248175583091227,0.6467695832,0.9795918367346939,0.96,1.0,0.9978097836356765,1.6239341880032785,1.209751518809751,0.6467161649929363,200
2,10,0.9995320984915705,TrialState.COMPLETE,200,3,"(1, 1)",0.5027200648360258,0.42508189054575607,1.9575678355372716,800,0.1685812272842013,8,4,0.7349171882068559,0.7127307973480747,9.67762836938481e-06,0.36231285275540837,3.5234427621464373,1.4005289503417018,0.4731482565,0.9795918367346939,0.96,1.0,0.9970130878438332,1.5081601945080774,0.531352363182195,1.9575678355372716,200
1,0,0.9995320843192349,TrialState.COMPLETE,800,1,"(1, 1)",1.116379776918701,0.4156997288934209,1.3430854810752089,800,0.17836164726316153,6,8,0.7796605259726865,0.6126770815963478,0.01075396632108704,1.460676976719604,1.289978190390968,0.4777107693018273,0.4636516273,0.9795918367346939,0.96,1.0,0.9970123792270532,3.3491393307561026,0.5196246611167761,1.3430854810752089,800
1,4,0.9995251700680272,TrialState.COMPLETE,950,4,"(1, 3)",1.4472227195169178,1.6217216732897668,0.5286215770015023,700,0.1358761680387105,7,12,0.9129028838853439,0.5985152531861851,0.003130650528732372,0.11470223875076192,3.0831849804116143,0.6996662164582734,0.7817972898,0.9795918367346939,0.96,1.0,0.9966666666666667,4.341668158550753,2.0271520916122086,0.5286215770015023,950
2,20,0.9995241496598639,TrialState.COMPLETE,500,2,"(1, 1)",0.7956725452215537,0.5892098776806252,0.8348813284469134,600,0.10753297393645726,6,5,0.6912528857541392,0.5115105174464691,0.023798556170357164,18.4796079353196,2.9743755278063664,4.143343903550949,0.4584127069,0.9795918367346939,0.96,1.0,0.9966156462585033,2.387017635664661,0.7365123471007815,0.8348813284469134,500
2,6,0.9995230716577411,TrialState.COMPLETE,1150,5,"(1, 3)",0.9147357855576159,0.5424728866881482,0.43845696618911467,300,0.04831714870338462,5,1,0.6283726816868108,0.9445332162542314,7.402777367343136,0.3027115346886085,0.9862427754305914,2.3073369360380696,0.5254178047,0.9795918367346939,0.96,1.0,0.9965617461523616,2.744207356672848,0.6780911083601853,0.43845696618911467,1150
2,4,0.9994759502273439,TrialState.COMPLETE,1000,4,"(1, 1)",0.8355430402456862,0.9188988603799269,0.8080868152623009,300,0.16127230118770977,3,7,0.6095011578561901,0.5592992954577135,0.0075445569643402665,14.088242796093628,0.8216469425777856,0.7296271962908452,0.6744419336,0.9795918367346939,0.96,1.0,0.994205674632504,2.5066291207370583,1.1486235754749086,0.8080868152623009,1000
1,14,0.9994752407059467,TrialState.COMPLETE,450,2,"(1, 2)",0.5099016843962454,1.2021715020578012,0.711430261962217,300,0.010361811824511786,8,3,0.8420612083218476,0.9161053106220279,0.07049948755512049,17.393256475665495,0.07366390573671167,1.1362545780115085,0.5277869701,0.9795918367346939,0.96,1.0,0.9941701985626433,1.5297050531887362,1.5027143775722516,0.711430261962217,450
0,7,0.9895964394848848,TrialState.COMPLETE,1200,3,"(1, 3)",1.3058212889355516,0.47980975304606266,1.5343038693697957,500,0.017485021746086436,2,8,0.871025744736913,0.508293914463928,0.0004062913017826356,0.009422477802648068,3.2258639520472494,0.8718321450249572,0.3991976976,0.9696969696969697,0.9411764705882353,1.0,0.9949734893957584,3.9174638668066546,0.5997621913075784,1.5343038693697957,1200
0,2,0.9895963982183783,TrialState.COMPLETE,450,1,"(1, 1)",2.48474042634395,1.3343172548097844,1.7636907183310373,200,0.017987863473362915,2,4,0.7554709158757928,0.6356745158869479,0.28749982347407854,0.03422998896745789,1.4046725484369038,2.7134804157912424,0.466704905,0.9696969696969697,0.9411764705882353,1.0,0.9949714260704281,7.45422127903185,1.6678965685122304,1.7636907183310373,450
0,23,0.9895959080222999,TrialState.COMPLETE,550,3,"(1, 2)",1.7935056562810892,2.0105012102338953,0.407752308404292,400,0.015128624535043746,7,12,0.729176757573136,0.5578186038043508,0.00045155657963197137,0.06908399328419315,3.8605636161318575,2.8406818182571723,0.7511951923,0.9696969696969697,0.9411764705882353,1.0,0.9949469162665067,5.380516968843267,2.513126512792369,0.407752308404292,550
0,4,0.9895685108022537,TrialState.COMPLETE,1100,4,"(1, 1)",1.0756267205536203,0.421020540536117,0.4758530557373409,200,0.06729596646792112,4,7,0.9630265895704372,0.6246461145744375,4.9368087974032924e-05,1.7768391314043337,1.1439908274581123,0.38489954914396496,0.5951185226,0.9696969696969697,0.9411764705882353,1.0,0.993577055264201,3.226880161660861,0.5262756756701462,0.4758530557373409,1100
1,12,0.9890212440925226,TrialState.COMPLETE,550,5,"(1, 2)",0.8191212418531856,0.8722312377935458,1.8501534469356251,400,0.05814964428598828,4,1,0.9958442692317229,0.8475261917476591,9.781554566021153,0.5754536717507247,4.981512016619234,2.095028880959295,0.4838899672,0.9690721649484536,0.9591836734693877,0.9791666666666666,0.9974539572034489,2.457363725559557,1.0902890472419322,1.8501534469356251,550
2,16,0.9799157679738562,TrialState.COMPLETE,900,3,"(1, 2)",1.0510655927475816,0.8787268909600945,0.6266942589094855,1000,0.0695974456866176,2,8,0.6683582907025932,0.6820303519697991,8.137361515226865e-05,4.605770610677731,1.0970835815943727,3.023547510773407,0.5287339091,0.96,0.9230769230769231,1.0,0.9957883986928104,3.153196778242745,1.098408613700118,0.6266942589094855,900
1,1,0.9798989383253301,TrialState.COMPLETE,1200,4,"(1, 1)",1.8836950360647695,0.6474229806221132,0.8091226024052263,1100,0.02378830185676583,7,10,0.7671141539737734,0.6128843837980416,6.0378629413614724e-05,0.0018916037447860119,2.982163434604983,4.1866186115541515,0.3730661869,0.96,0.9230769230769231,1.0,0.9949469162665068,5.651085108194309,0.8092787257776415,0.8091226024052263,1200
2,5,0.9798902105286559,TrialState.COMPLETE,1000,4,"(1, 3)",1.293816460971318,1.6803278866668738,0.4057941601641753,1200,0.0482828130733436,7,11,0.8499655562834234,0.9900202023266416,7.531449659764024,0.014745390767636528,4.285934382684408,2.481251904734611,0.6035670042,0.96,0.9230769230769231,1.0,0.9945105264327954,3.8814493829139542,2.100409858333592,0.4057941601641753,1000
0,18,0.9798547623866529,TrialState.COMPLETE,850,1,"(1, 3)",0.6497143544464165,0.8639565691338699,0.8102654117602955,700,0.04998812374741239,6,5,0.835494469176113,0.7897573869108819,9.417003100882123,0.09123557574536169,0.6397926187189551,3.2012107922043356,0.3822262585,0.96,0.9230769230769231,1.0,0.9927381193326457,1.9491430633392492,1.0799457114173374,0.8102654117602955,850
2,19,0.9763329926916884,TrialState.COMPLETE,300,2,"(1, 3)",1.6120914888111644,0.4164514328344211,0.5143819954725459,400,0.06292061854538551,8,12,0.7683917531782273,0.9134290544355186,2.1231867046242123,0.5509501521702215,0.18287383946846503,2.8425423134697576,0.7579783201,0.9565217391304348,1.0,0.9166666666666666,0.9905626780626782,4.836274466433493,0.5205642910430264,0.5143819954725459,300
1,2,0.9762926286183055,TrialState.COMPLETE,1100,3,"(1, 2)",2.6150275125934948,0.6565683551370896,0.44341146275123483,1100,0.13713616417788918,3,12,0.7387215881386895,0.6564390796720792,0.42066481537054695,6.108018946663957,3.38279325773323,0.2683757713582685,0.7524800897,0.9565217391304348,1.0,0.9166666666666666,0.988544474393531,7.845082537780485,0.8207104439213619,0.44341146275123483,1100
2,0,0.9702126852777581,TrialState.COMPLETE,550,5,"(1, 2)",2.991500180889574,2.5565103293089306,1.5104532086727303,500,0.030901887669672477,4,9,0.8996670608200266,0.6165362276547373,0.11742467092726162,0.03537095801531368,2.59804693619099,0.09546557477375428,0.3636380732,0.9504950495049505,0.9056603773584906,1.0,0.9858817886403803,8.974500542668721,3.1956379116361635,1.5104532086727303,550
1,8,0.9648711166058617,TrialState.COMPLETE,900,5,"(1, 3)",0.6270908615804794,0.533600745941148,0.4454234983460637,500,0.1086504441932087,5,9,0.7028937105240962,0.8047877142390043,2.850713399627936,1.5182057552382004,1.823159001279428,1.7435863784468142,0.7314910889,0.945054945054945,1.0,0.8958333333333334,0.9908085775458318,1.8812725847414384,0.667000932426435,0.4454234983460637,900
0,34,0.9558885861098364,TrialState.COMPLETE,650,2,"(1, 3)",1.630271285467585,1.4730332932944894,1.5215042130260565,300,0.011975364370517183,4,9,0.9927993350622599,0.6462771479723876,1.8034863752690195e-05,0.04168770176801667,0.9037949496230213,0.5257608825039953,0.3098887503,0.9361702127659575,0.9565217391304348,0.9166666666666666,0.9859186671939453,4.890813856402755,1.8412916166181117,1.5215042130260565,650
2,9,0.9545051476613932,TrialState.COMPLETE,600,5,"(1, 1)",0.9742622536374813,1.1769725620734608,0.9575168764530556,1100,0.013527832163773077,4,1,0.8709598016251539,0.8769469168329733,0.17959077856416628,4.2458039772021126,2.92281533534744,0.1354940481870165,0.4413555264,0.9347826086956522,0.9772727272727273,0.8958333333333334,0.9861269482870482,2.922786760912444,1.471215702591826,0.9575168764530556,600
0,12,0.9542679595274524,TrialState.COMPLETE,750,3,"(1, 3)",0.746887926688513,0.6315674281999433,1.2453646360571404,1000,0.19762777418078004,4,4,0.8154969203782132,0.7340844045291893,3.5894497954225405e-07,0.3436040391195612,2.137961612180761,0.017183664242891195,0.388386786,0.9347826086956522,0.9772727272727273,0.8958333333333334,0.9742675415900084,2.240663780065539,0.7894592852499291,1.2453646360571404,750
1,30,0.8948447112900798,TrialState.COMPLETE,250,3,"(1, 1)",1.0315553918561475,0.41775325055184653,0.9764867247304692,900,0.040897323671504185,8,5,0.9222973589607419,0.9466539028094179,9.047959323527494e-05,0.9440101361421568,4.597559228794791,0.04080727389194294,0.2911199927,0.8764044943820225,0.9512195121951219,0.8125,0.922010845402864,3.0946661755684426,0.5221915631898082,0.9764867247304692,250
