repo_full_name,raw_file_name,family_label,is_synthetic,source_repo_full_name,source_raw_file_name,augmentation_method
2723799947qq2022/solana-pumpfun-bot,2723799947qq2022__solana-pumpfun-bot.json,F1_pumpfun_clone,0,2723799947qq2022/solana-pumpfun-bot,2723799947qq2022__solana-pumpfun-bot.json,original
2kwkkk/solana-pumpfun-bot,2kwkkk__solana-pumpfun-bot.json,F1_pumpfun_clone,0,2kwkkk/solana-pumpfun-bot,2kwkkk__solana-pumpfun-bot.json,original
790659193qqch/solana-pumpfun-bot,790659193qqch__solana-pumpfun-bot.json,F1_pumpfun_clone,0,790659193qqch/solana-pumpfun-bot,790659193qqch__solana-pumpfun-bot.json,original
7arlystar/solana-pumpfun-bot,7arlystar__solana-pumpfun-bot.json,F1_pumpfun_clone,0,7arlystar/solana-pumpfun-bot,7arlystar__solana-pumpfun-bot.json,original
918715c83/solana-pumpfun-bot,918715c83__solana-pumpfun-bot.json,F1_pumpfun_clone,0,918715c83/solana-pumpfun-bot,918715c83__solana-pumpfun-bot.json,original
adminlove520/VulnWatchDog,adminlove520__VulnWatchDog.json,F4_security_osint_cve,0,adminlove520/VulnWatchDog,adminlove520__VulnWatchDog.json,original
AmirhBeigi7zch6f/solana-pumpfun-bot,AmirhBeigi7zch6f__solana-pumpfun-bot.json,F1_pumpfun_clone,0,AmirhBeigi7zch6f/solana-pumpfun-bot,AmirhBeigi7zch6f__solana-pumpfun-bot.json,original
arliawhite/rentverse,arliawhite__rentverse.json,F3_web3_platform_app,0,arliawhite/rentverse,arliawhite__rentverse.json,original
asmaamohamed0264/solana-pumpfun-bot,asmaamohamed0264__solana-pumpfun-bot.json,F1_pumpfun_clone,0,asmaamohamed0264/solana-pumpfun-bot,asmaamohamed0264__solana-pumpfun-bot.json,original
bog-us/solana-pumpfun-bot,bog-us__solana-pumpfun-bot.json,F1_pumpfun_clone,0,bog-us/solana-pumpfun-bot,bog-us__solana-pumpfun-bot.json,original
clixlogix/blockchain-dev,clixlogix__blockchain-dev.json,F3_web3_platform_app,0,clixlogix/blockchain-dev,clixlogix__blockchain-dev.json,original
dev-protocol/polymarket-copytrading-bot-sport,dev-protocol__polymarket-copytrading-bot-sport.json,F2_crypto_trading_bot,0,dev-protocol/polymarket-copytrading-bot-sport,dev-protocol__polymarket-copytrading-bot-sport.json,original
edparker89/solana-pumpfun-bot,edparker89__solana-pumpfun-bot.json,F1_pumpfun_clone,0,edparker89/solana-pumpfun-bot,edparker89__solana-pumpfun-bot.json,original
eferos93/test4,eferos93__test4.json,F5_ai_media_demo,0,eferos93/test4,eferos93__test4.json,original
FaceOFWood/SniperBot-Solana-PumpSwap,FaceOFWood__SniperBot-Solana-PumpSwap.json,F2_crypto_trading_bot,0,FaceOFWood/SniperBot-Solana-PumpSwap,FaceOFWood__SniperBot-Solana-PumpSwap.json,original
harshith-vaddiparthy/quant-bot,harshith-vaddiparthy__quant-bot.json,F2_crypto_trading_bot,0,harshith-vaddiparthy/quant-bot,harshith-vaddiparthy__quant-bot.json,original
ii4272/solana-pumpfun-bot,ii4272__solana-pumpfun-bot.json,F1_pumpfun_clone,0,ii4272/solana-pumpfun-bot,ii4272__solana-pumpfun-bot.json,original
ijtye/solana-pumpfun-bot,ijtye__solana-pumpfun-bot.json,F1_pumpfun_clone,0,ijtye/solana-pumpfun-bot,ijtye__solana-pumpfun-bot.json,original
iwanjunaids/solana-pumpfun-bot,iwanjunaids__solana-pumpfun-bot.json,F1_pumpfun_clone,0,iwanjunaids/solana-pumpfun-bot,iwanjunaids__solana-pumpfun-bot.json,original
janmalece/solana-pumpfun-bot,janmalece__solana-pumpfun-bot.json,F1_pumpfun_clone,0,janmalece/solana-pumpfun-bot,janmalece__solana-pumpfun-bot.json,original
kay2x4/solana-pumpfun-bot,kay2x4__solana-pumpfun-bot.json,F1_pumpfun_clone,0,kay2x4/solana-pumpfun-bot,kay2x4__solana-pumpfun-bot.json,original
knightsdex/knightsbridge-dex,knightsdex__knightsbridge-dex.json,F3_web3_platform_app,0,knightsdex/knightsbridge-dex,knightsdex__knightsbridge-dex.json,original
lan666as2dfur/solana-pumpfun-bot,lan666as2dfur__solana-pumpfun-bot.json,F1_pumpfun_clone,0,lan666as2dfur/solana-pumpfun-bot,lan666as2dfur__solana-pumpfun-bot.json,original
loveccat/solana-pumpfun-bot,loveccat__solana-pumpfun-bot.json,F1_pumpfun_clone,0,loveccat/solana-pumpfun-bot,loveccat__solana-pumpfun-bot.json,original
lukgria/solana-pumpfun-bot,lukgria__solana-pumpfun-bot.json,F1_pumpfun_clone,0,lukgria/solana-pumpfun-bot,lukgria__solana-pumpfun-bot.json,original
mdemetrial26rvk9w/solana-pumpfun-bot,mdemetrial26rvk9w__solana-pumpfun-bot.json,F1_pumpfun_clone,0,mdemetrial26rvk9w/solana-pumpfun-bot,mdemetrial26rvk9w__solana-pumpfun-bot.json,original
MentarisHub121/TokenPresaleApp,MentarisHub121__TokenPresaleApp.json,F3_web3_platform_app,0,MentarisHub121/TokenPresaleApp,MentarisHub121__TokenPresaleApp.json,original
Metaldadisbad/HacxGPT,Metaldadisbad__HacxGPT.json,F5_ai_media_demo,0,Metaldadisbad/HacxGPT,Metaldadisbad__HacxGPT.json,original
mirzamudassir/blocknovas-nyx-public,mirzamudassir__blocknovas-nyx-public.json,F3_web3_platform_app,0,mirzamudassir/blocknovas-nyx-public,mirzamudassir__blocknovas-nyx-public.json,original
Morning-Star213/Solana-pumpfun-bot,Morning-Star213__Solana-pumpfun-bot.json,F2_crypto_trading_bot,0,Morning-Star213/Solana-pumpfun-bot,Morning-Star213__Solana-pumpfun-bot.json,original
nocomp/poc-CVE-2001-1473,nocomp__poc-CVE-2001-1473.json,F4_security_osint_cve,0,nocomp/poc-CVE-2001-1473,nocomp__poc-CVE-2001-1473.json,original
oumengwas/solana-pumpfun-bot,oumengwas__solana-pumpfun-bot.json,F1_pumpfun_clone,0,oumengwas/solana-pumpfun-bot,oumengwas__solana-pumpfun-bot.json,original
Rain-Rave5/solana-pumpfun-bot,Rain-Rave5__solana-pumpfun-bot.json,F1_pumpfun_clone,0,Rain-Rave5/solana-pumpfun-bot,Rain-Rave5__solana-pumpfun-bot.json,original
rizvejoarder/SoraMax,rizvejoarder__SoraMax.json,F5_ai_media_demo,0,rizvejoarder/SoraMax,rizvejoarder__SoraMax.json,original
shivas1432/sora2-watermark-remover,shivas1432__sora2-watermark-remover.json,F5_ai_media_demo,0,shivas1432/sora2-watermark-remover,shivas1432__sora2-watermark-remover.json,original
SuperDev313/Trading_Platform_Ultrax,SuperDev313__Trading_Platform_Ultrax.json,F3_web3_platform_app,0,SuperDev313/Trading_Platform_Ultrax,SuperDev313__Trading_Platform_Ultrax.json,original
ta3pks/Decentralized-Social,ta3pks__Decentralized-Social.json,F3_web3_platform_app,0,ta3pks/Decentralized-Social,ta3pks__Decentralized-Social.json,original
themaxlpalfaboy/CVE-2025-54897-LAB,themaxlpalfaboy__CVE-2025-54897-LAB.json,F4_security_osint_cve,0,themaxlpalfaboy/CVE-2025-54897-LAB,themaxlpalfaboy__CVE-2025-54897-LAB.json,original
wc64561673347375/solana-pumpfun-bot,wc64561673347375__solana-pumpfun-bot.json,F1_pumpfun_clone,0,wc64561673347375/solana-pumpfun-bot,wc64561673347375__solana-pumpfun-bot.json,original
wj6942/solana-pumpfun-bot,wj6942__solana-pumpfun-bot.json,F1_pumpfun_clone,0,wj6942/solana-pumpfun-bot,wj6942__solana-pumpfun-bot.json,original
xnaotutu77765/solana-pumpfun-bot,xnaotutu77765__solana-pumpfun-bot.json,F1_pumpfun_clone,0,xnaotutu77765/solana-pumpfun-bot,xnaotutu77765__solana-pumpfun-bot.json,original
xorostar/blocknovas-llc-currency-converter-task,xorostar__blocknovas-llc-currency-converter-task.json,F3_web3_platform_app,0,xorostar/blocknovas-llc-currency-converter-task,xorostar__blocknovas-llc-currency-converter-task.json,original
yvagSirKt/solana-pumpfun-bot,yvagSirKt__solana-pumpfun-bot.json,F1_pumpfun_clone,0,yvagSirKt/solana-pumpfun-bot,yvagSirKt__solana-pumpfun-bot.json,original
Zeeeepa/spyder-osint,Zeeeepa__spyder-osint.json,F4_security_osint_cve,0,Zeeeepa/spyder-osint,Zeeeepa__spyder-osint.json,original
Zeeeepa/spyder-osint2,Zeeeepa__spyder-osint2.json,F4_security_osint_cve,0,Zeeeepa/spyder-osint2,Zeeeepa__spyder-osint2.json,original
2723799947qq2022t/solana-pumpfun-bot,2723799947qq2022t__solana-pumpfun-bot.json,F1_pumpfun_clone,1,2723799947qq2022/solana-pumpfun-bot,2723799947qq2022__solana-pumpfun-bot.json,family_bootstrap_near_neighbor
2kwkk/solana-pumpfun-bot,2kwkk__solana-pumpfun-bot.json,F1_pumpfun_clone,1,2kwkkk/solana-pumpfun-bot,2kwkkk__solana-pumpfun-bot.json,family_bootstrap_near_neighbor
790659193qqch2/solana-pumpfun-bot,790659193qqch2__solana-pumpfun-bot.json,F1_pumpfun_clone,1,790659193qqch/solana-pumpfun-bot,790659193qqch__solana-pumpfun-bot.json,family_bootstrap_near_neighbor
7arlysta/solana-pumpfun-bot,7arlysta__solana-pumpfun-bot.json,F1_pumpfun_clone,1,7arlystar/solana-pumpfun-bot,7arlystar__solana-pumpfun-bot.json,family_bootstrap_near_neighbor
918715c8/solana-pumpfun-bot,918715c8__solana-pumpfun-bot.json,F1_pumpfun_clone,1,918715c83/solana-pumpfun-bot,918715c83__solana-pumpfun-bot.json,family_bootstrap_near_neighbor
AmirhBeigi7zch6ff/solana-pumpfun-bot,AmirhBeigi7zch6ff__solana-pumpfun-bot.json,F1_pumpfun_clone,1,AmirhBeigi7zch6f/solana-pumpfun-bot,AmirhBeigi7zch6f__solana-pumpfun-bot.json,family_bootstrap_near_neighbor
asmaamohamed0264a/solana-pumpfun-bot,asmaamohamed0264a__solana-pumpfun-bot.json,F1_pumpfun_clone,1,asmaamohamed0264/solana-pumpfun-bot,asmaamohamed0264__solana-pumpfun-bot.json,family_bootstrap_near_neighbor
bogus/solana-pumpfun-bot,bogus__solana-pumpfun-bot.json,F1_pumpfun_clone,1,bog-us/solana-pumpfun-bot,bog-us__solana-pumpfun-bot.json,family_bootstrap_near_neighbor
edparker89t/solana-pumpfun-bot,edparker89t__solana-pumpfun-bot.json,F1_pumpfun_clone,1,edparker89/solana-pumpfun-bot,edparker89__solana-pumpfun-bot.json,family_bootstrap_near_neighbor
ii427/solana-pumpfun-bot,ii427__solana-pumpfun-bot.json,F1_pumpfun_clone,1,ii4272/solana-pumpfun-bot,ii4272__solana-pumpfun-bot.json,family_bootstrap_near_neighbor
ijty/solana-pumpfun-bot,ijty__solana-pumpfun-bot.json,F1_pumpfun_clone,1,ijtye/solana-pumpfun-bot,ijtye__solana-pumpfun-bot.json,family_bootstrap_near_neighbor
iwanjunaid/solana-pumpfun-bot,iwanjunaid__solana-pumpfun-bot.json,F1_pumpfun_clone,1,iwanjunaids/solana-pumpfun-bot,iwanjunaids__solana-pumpfun-bot.json,family_bootstrap_near_neighbor
janmalece2/solana-pumpfun-bot,janmalece2__solana-pumpfun-bot.json,F1_pumpfun_clone,1,janmalece/solana-pumpfun-bot,janmalece__solana-pumpfun-bot.json,family_bootstrap_near_neighbor
kay2x42/solana-pumpfun-bot,kay2x42__solana-pumpfun-bot.json,F1_pumpfun_clone,1,kay2x4/solana-pumpfun-bot,kay2x4__solana-pumpfun-bot.json,family_bootstrap_near_neighbor
lan666as2dfu/solana-pumpfun-bot,lan666as2dfu__solana-pumpfun-bot.json,F1_pumpfun_clone,1,lan666as2dfur/solana-pumpfun-bot,lan666as2dfur__solana-pumpfun-bot.json,family_bootstrap_near_neighbor
loveccat2/solana-pumpfun-bot,loveccat2__solana-pumpfun-bot.json,F1_pumpfun_clone,1,loveccat/solana-pumpfun-bot,loveccat__solana-pumpfun-bot.json,family_bootstrap_near_neighbor
lukgrial/solana-pumpfun-bot,lukgrial__solana-pumpfun-bot.json,F1_pumpfun_clone,1,lukgria/solana-pumpfun-bot,lukgria__solana-pumpfun-bot.json,family_bootstrap_near_neighbor
mdemetrial26rvk9wz/solana-pumpfun-bot,mdemetrial26rvk9wz__solana-pumpfun-bot.json,F1_pumpfun_clone,1,mdemetrial26rvk9w/solana-pumpfun-bot,mdemetrial26rvk9w__solana-pumpfun-bot.json,family_bootstrap_near_neighbor
oumengwas2/solana-pumpfun-bot,oumengwas2__solana-pumpfun-bot.json,F1_pumpfun_clone,1,oumengwas/solana-pumpfun-bot,oumengwas__solana-pumpfun-bot.json,family_bootstrap_near_neighbor
RainRave5/solana-pumpfun-bot,RainRave5__solana-pumpfun-bot.json,F1_pumpfun_clone,1,Rain-Rave5/solana-pumpfun-bot,Rain-Rave5__solana-pumpfun-bot.json,family_bootstrap_near_neighbor
wc645616733473752/solana-pumpfun-bot,wc645616733473752__solana-pumpfun-bot.json,F1_pumpfun_clone,1,wc64561673347375/solana-pumpfun-bot,wc64561673347375__solana-pumpfun-bot.json,family_bootstrap_near_neighbor
wj69422/solana-pumpfun-bot,wj69422__solana-pumpfun-bot.json,F1_pumpfun_clone,1,wj6942/solana-pumpfun-bot,wj6942__solana-pumpfun-bot.json,family_bootstrap_near_neighbor
xnaotutu777652/solana-pumpfun-bot,xnaotutu777652__solana-pumpfun-bot.json,F1_pumpfun_clone,1,xnaotutu77765/solana-pumpfun-bot,xnaotutu77765__solana-pumpfun-bot.json,family_bootstrap_near_neighbor
yvagSirKt6/solana-pumpfun-bot,yvagSirKt6__solana-pumpfun-bot.json,F1_pumpfun_clone,1,yvagSirKt/solana-pumpfun-bot,yvagSirKt__solana-pumpfun-bot.json,family_bootstrap_near_neighbor
2723799947qq202/solana-pumpfun-bot,2723799947qq202__solana-pumpfun-bot.json,F1_pumpfun_clone,1,2723799947qq2022/solana-pumpfun-bot,2723799947qq2022__solana-pumpfun-bot.json,family_bootstrap_near_neighbor
2kwkkk2/solana-pumpfun-bot,2kwkkk2__solana-pumpfun-bot.json,F1_pumpfun_clone,1,2kwkkk/solana-pumpfun-bot,2kwkkk__solana-pumpfun-bot.json,family_bootstrap_near_neighbor
790659193qqch3/solana-pumpfun-bot,790659193qqch3__solana-pumpfun-bot.json,F1_pumpfun_clone,1,790659193qqch/solana-pumpfun-bot,790659193qqch__solana-pumpfun-bot.json,family_bootstrap_near_neighbor
7arlystart/solana-pumpfun-bot,7arlystart__solana-pumpfun-bot.json,F1_pumpfun_clone,1,7arlystar/solana-pumpfun-bot,7arlystar__solana-pumpfun-bot.json,family_bootstrap_near_neighbor
918715c832/solana-pumpfun-bot,918715c832__solana-pumpfun-bot.json,F1_pumpfun_clone,1,918715c83/solana-pumpfun-bot,918715c83__solana-pumpfun-bot.json,family_bootstrap_near_neighbor
AmirhBeigi7zch6f2/solana-pumpfun-bot,AmirhBeigi7zch6f2__solana-pumpfun-bot.json,F1_pumpfun_clone,1,AmirhBeigi7zch6f/solana-pumpfun-bot,AmirhBeigi7zch6f__solana-pumpfun-bot.json,family_bootstrap_near_neighbor
asmaamohamed026/solana-pumpfun-bot,asmaamohamed026__solana-pumpfun-bot.json,F1_pumpfun_clone,1,asmaamohamed0264/solana-pumpfun-bot,asmaamohamed0264__solana-pumpfun-bot.json,family_bootstrap_near_neighbor
bogusyc/solana-pumpfun-bot,bogusyc__solana-pumpfun-bot.json,F1_pumpfun_clone,1,bog-us/solana-pumpfun-bot,bog-us__solana-pumpfun-bot.json,family_bootstrap_near_neighbor
edparker8/solana-pumpfun-bot,edparker8__solana-pumpfun-bot.json,F1_pumpfun_clone,1,edparker89/solana-pumpfun-bot,edparker89__solana-pumpfun-bot.json,family_bootstrap_near_neighbor
ii4273/solana-pumpfun-bot,ii4273__solana-pumpfun-bot.json,F1_pumpfun_clone,1,ii4272/solana-pumpfun-bot,ii4272__solana-pumpfun-bot.json,family_bootstrap_near_neighbor
ijtye2/solana-pumpfun-bot,ijtye2__solana-pumpfun-bot.json,F1_pumpfun_clone,1,ijtye/solana-pumpfun-bot,ijtye__solana-pumpfun-bot.json,family_bootstrap_near_neighbor
iwanjunaidst/solana-pumpfun-bot,iwanjunaidst__solana-pumpfun-bot.json,F1_pumpfun_clone,1,iwanjunaids/solana-pumpfun-bot,iwanjunaids__solana-pumpfun-bot.json,family_bootstrap_near_neighbor
adminlove5202/VulnWatchDog,adminlove5202__VulnWatchDog.json,F4_security_osint_cve,1,adminlove520/VulnWatchDog,adminlove520__VulnWatchDog.json,family_bootstrap_near_neighbor
nocomp9/poc-CVE-2001-1473,nocomp9__poc-CVE-2001-1473.json,F4_security_osint_cve,1,nocomp/poc-CVE-2001-1473,nocomp__poc-CVE-2001-1473.json,family_bootstrap_near_neighbor
themaxlpalfaboyr/CVE-2025-54897-LAB,themaxlpalfaboyr__CVE-2025-54897-LAB.json,F4_security_osint_cve,1,themaxlpalfaboy/CVE-2025-54897-LAB,themaxlpalfaboy__CVE-2025-54897-LAB.json,family_bootstrap_near_neighbor
Zeeeep/spyder-osint,Zeeeep__spyder-osint.json,F4_security_osint_cve,1,Zeeeepa/spyder-osint,Zeeeepa__spyder-osint.json,family_bootstrap_near_neighbor
Zeeeepa2/spyder-osint2,Zeeeepa2__spyder-osint2.json,F4_security_osint_cve,1,Zeeeepa/spyder-osint2,Zeeeepa__spyder-osint2.json,family_bootstrap_near_neighbor
adminlove5203/VulnWatchDog,adminlove5203__VulnWatchDog.json,F4_security_osint_cve,1,adminlove520/VulnWatchDog,adminlove520__VulnWatchDog.json,family_bootstrap_near_neighbor
nocomp4/poc-CVE-2001-1473,nocomp4__poc-CVE-2001-1473.json,F4_security_osint_cve,1,nocomp/poc-CVE-2001-1473,nocomp__poc-CVE-2001-1473.json,family_bootstrap_near_neighbor
themaxlpalfaboyk/CVE-2025-54897-LAB,themaxlpalfaboyk__CVE-2025-54897-LAB.json,F4_security_osint_cve,1,themaxlpalfaboy/CVE-2025-54897-LAB,themaxlpalfaboy__CVE-2025-54897-LAB.json,family_bootstrap_near_neighbor
Zeeeepa2/spyder-osint,Zeeeepa2__spyder-osint.json,F4_security_osint_cve,1,Zeeeepa/spyder-osint,Zeeeepa__spyder-osint.json,family_bootstrap_near_neighbor
Zeeeepa3/spyder-osint2,Zeeeepa3__spyder-osint2.json,F4_security_osint_cve,1,Zeeeepa/spyder-osint2,Zeeeepa__spyder-osint2.json,family_bootstrap_near_neighbor
adminlove52/VulnWatchDog,adminlove52__VulnWatchDog.json,F4_security_osint_cve,1,adminlove520/VulnWatchDog,adminlove520__VulnWatchDog.json,family_bootstrap_near_neighbor
nocomps/poc-CVE-2001-1473,nocomps__poc-CVE-2001-1473.json,F4_security_osint_cve,1,nocomp/poc-CVE-2001-1473,nocomp__poc-CVE-2001-1473.json,family_bootstrap_near_neighbor
themaxlpalfaboy2/CVE-2025-54897-LAB,themaxlpalfaboy2__CVE-2025-54897-LAB.json,F4_security_osint_cve,1,themaxlpalfaboy/CVE-2025-54897-LAB,themaxlpalfaboy__CVE-2025-54897-LAB.json,family_bootstrap_near_neighbor
Zeeeep2/spyder-osint,Zeeeep2__spyder-osint.json,F4_security_osint_cve,1,Zeeeepa/spyder-osint,Zeeeepa__spyder-osint.json,family_bootstrap_near_neighbor
Zeeeep/spyder-osint2,Zeeeep__spyder-osint2.json,F4_security_osint_cve,1,Zeeeepa/spyder-osint2,Zeeeepa__spyder-osint2.json,family_bootstrap_near_neighbor
adminlove520v/VulnWatchDog,adminlove520v__VulnWatchDog.json,F4_security_osint_cve,1,adminlove520/VulnWatchDog,adminlove520__VulnWatchDog.json,family_bootstrap_near_neighbor
nocomp7/poc-CVE-2001-1473,nocomp7__poc-CVE-2001-1473.json,F4_security_osint_cve,1,nocomp/poc-CVE-2001-1473,nocomp__poc-CVE-2001-1473.json,family_bootstrap_near_neighbor
themaxlpalfabo/CVE-2025-54897-LAB,themaxlpalfabo__CVE-2025-54897-LAB.json,F4_security_osint_cve,1,themaxlpalfaboy/CVE-2025-54897-LAB,themaxlpalfaboy__CVE-2025-54897-LAB.json,family_bootstrap_near_neighbor
Zeeeepaz/spyder-osint,Zeeeepaz__spyder-osint.json,F4_security_osint_cve,1,Zeeeepa/spyder-osint,Zeeeepa__spyder-osint.json,family_bootstrap_near_neighbor
Zeeeepa4/spyder-osint2,Zeeeepa4__spyder-osint2.json,F4_security_osint_cve,1,Zeeeepa/spyder-osint2,Zeeeepa__spyder-osint2.json,family_bootstrap_near_neighbor
adminlove520t/VulnWatchDog,adminlove520t__VulnWatchDog.json,F4_security_osint_cve,1,adminlove520/VulnWatchDog,adminlove520__VulnWatchDog.json,family_bootstrap_near_neighbor
nocompf/poc-CVE-2001-1473,nocompf__poc-CVE-2001-1473.json,F4_security_osint_cve,1,nocomp/poc-CVE-2001-1473,nocomp__poc-CVE-2001-1473.json,family_bootstrap_near_neighbor
themaxlpalfaboy3/CVE-2025-54897-LAB,themaxlpalfaboy3__CVE-2025-54897-LAB.json,F4_security_osint_cve,1,themaxlpalfaboy/CVE-2025-54897-LAB,themaxlpalfaboy__CVE-2025-54897-LAB.json,family_bootstrap_near_neighbor
Zeeeepa3/spyder-osint,Zeeeepa3__spyder-osint.json,F4_security_osint_cve,1,Zeeeepa/spyder-osint,Zeeeepa__spyder-osint.json,family_bootstrap_near_neighbor
Zeeeepa5/spyder-osint2,Zeeeepa5__spyder-osint2.json,F4_security_osint_cve,1,Zeeeepa/spyder-osint2,Zeeeepa__spyder-osint2.json,family_bootstrap_near_neighbor
adminlove520f/VulnWatchDog,adminlove520f__VulnWatchDog.json,F4_security_osint_cve,1,adminlove520/VulnWatchDog,adminlove520__VulnWatchDog.json,family_bootstrap_near_neighbor
nocom/poc-CVE-2001-1473,nocom__poc-CVE-2001-1473.json,F4_security_osint_cve,1,nocomp/poc-CVE-2001-1473,nocomp__poc-CVE-2001-1473.json,family_bootstrap_near_neighbor
themaxlpalfaboy4/CVE-2025-54897-LAB,themaxlpalfaboy4__CVE-2025-54897-LAB.json,F4_security_osint_cve,1,themaxlpalfaboy/CVE-2025-54897-LAB,themaxlpalfaboy__CVE-2025-54897-LAB.json,family_bootstrap_near_neighbor
Zeeeepa4/spyder-osint,Zeeeepa4__spyder-osint.json,F4_security_osint_cve,1,Zeeeepa/spyder-osint,Zeeeepa__spyder-osint.json,family_bootstrap_near_neighbor
Zeeeepap/spyder-osint2,Zeeeepap__spyder-osint2.json,F4_security_osint_cve,1,Zeeeepa/spyder-osint2,Zeeeepa__spyder-osint2.json,family_bootstrap_near_neighbor
adminlove520x/VulnWatchDog,adminlove520x__VulnWatchDog.json,F4_security_osint_cve,1,adminlove520/VulnWatchDog,adminlove520__VulnWatchDog.json,family_bootstrap_near_neighbor
nocompa/poc-CVE-2001-1473,nocompa__poc-CVE-2001-1473.json,F4_security_osint_cve,1,nocomp/poc-CVE-2001-1473,nocomp__poc-CVE-2001-1473.json,family_bootstrap_near_neighbor
themaxlpalfaboy5/CVE-2025-54897-LAB,themaxlpalfaboy5__CVE-2025-54897-LAB.json,F4_security_osint_cve,1,themaxlpalfaboy/CVE-2025-54897-LAB,themaxlpalfaboy__CVE-2025-54897-LAB.json,family_bootstrap_near_neighbor
Zeeeepaw/spyder-osint,Zeeeepaw__spyder-osint.json,F4_security_osint_cve,1,Zeeeepa/spyder-osint,Zeeeepa__spyder-osint.json,family_bootstrap_near_neighbor
Zeeeepax/spyder-osint2,Zeeeepax__spyder-osint2.json,F4_security_osint_cve,1,Zeeeepa/spyder-osint2,Zeeeepa__spyder-osint2.json,family_bootstrap_near_neighbor
adminlove522/VulnWatchDog,adminlove522__VulnWatchDog.json,F4_security_osint_cve,1,adminlove520/VulnWatchDog,adminlove520__VulnWatchDog.json,family_bootstrap_near_neighbor
nocomp2/poc-CVE-2001-1473,nocomp2__poc-CVE-2001-1473.json,F4_security_osint_cve,1,nocomp/poc-CVE-2001-1473,nocomp__poc-CVE-2001-1473.json,family_bootstrap_near_neighbor
themaxlpalfaboy6/CVE-2025-54897-LAB,themaxlpalfaboy6__CVE-2025-54897-LAB.json,F4_security_osint_cve,1,themaxlpalfaboy/CVE-2025-54897-LAB,themaxlpalfaboy__CVE-2025-54897-LAB.json,family_bootstrap_near_neighbor
Zeeeepa5/spyder-osint,Zeeeepa5__spyder-osint.json,F4_security_osint_cve,1,Zeeeepa/spyder-osint,Zeeeepa__spyder-osint.json,family_bootstrap_near_neighbor
Zeeeep2/spyder-osint2,Zeeeep2__spyder-osint2.json,F4_security_osint_cve,1,Zeeeepa/spyder-osint2,Zeeeepa__spyder-osint2.json,family_bootstrap_near_neighbor
adminlove5200/VulnWatchDog,adminlove5200__VulnWatchDog.json,F4_security_osint_cve,1,adminlove520/VulnWatchDog,adminlove520__VulnWatchDog.json,family_bootstrap_near_neighbor
nocom2/poc-CVE-2001-1473,nocom2__poc-CVE-2001-1473.json,F4_security_osint_cve,1,nocomp/poc-CVE-2001-1473,nocomp__poc-CVE-2001-1473.json,family_bootstrap_near_neighbor
themaxlpalfabo2/CVE-2025-54897-LAB,themaxlpalfabo2__CVE-2025-54897-LAB.json,F4_security_osint_cve,1,themaxlpalfaboy/CVE-2025-54897-LAB,themaxlpalfaboy__CVE-2025-54897-LAB.json,family_bootstrap_near_neighbor
Zeeeep3/spyder-osint,Zeeeep3__spyder-osint.json,F4_security_osint_cve,1,Zeeeepa/spyder-osint,Zeeeepa__spyder-osint.json,family_bootstrap_near_neighbor
Zeeeep3/spyder-osint2,Zeeeep3__spyder-osint2.json,F4_security_osint_cve,1,Zeeeepa/spyder-osint2,Zeeeepa__spyder-osint2.json,family_bootstrap_near_neighbor
adminlove520o/VulnWatchDog,adminlove520o__VulnWatchDog.json,F4_security_osint_cve,1,adminlove520/VulnWatchDog,adminlove520__VulnWatchDog.json,family_bootstrap_near_neighbor
nocompb/poc-CVE-2001-1473,nocompb__poc-CVE-2001-1473.json,F4_security_osint_cve,1,nocomp/poc-CVE-2001-1473,nocomp__poc-CVE-2001-1473.json,family_bootstrap_near_neighbor
themaxlpalfaboy7/CVE-2025-54897-LAB,themaxlpalfaboy7__CVE-2025-54897-LAB.json,F4_security_osint_cve,1,themaxlpalfaboy/CVE-2025-54897-LAB,themaxlpalfaboy__CVE-2025-54897-LAB.json,family_bootstrap_near_neighbor
Zeeeep4/spyder-osint,Zeeeep4__spyder-osint.json,F4_security_osint_cve,1,Zeeeepa/spyder-osint,Zeeeepa__spyder-osint.json,family_bootstrap_near_neighbor
Zeeeepa6/spyder-osint2,Zeeeepa6__spyder-osint2.json,F4_security_osint_cve,1,Zeeeepa/spyder-osint2,Zeeeepa__spyder-osint2.json,family_bootstrap_near_neighbor
adminlove5208/VulnWatchDog,adminlove5208__VulnWatchDog.json,F4_security_osint_cve,1,adminlove520/VulnWatchDog,adminlove520__VulnWatchDog.json,family_bootstrap_near_neighbor
nocompc/poc-CVE-2001-1473,nocompc__poc-CVE-2001-1473.json,F4_security_osint_cve,1,nocomp/poc-CVE-2001-1473,nocomp__poc-CVE-2001-1473.json,family_bootstrap_near_neighbor
themaxlpalfaboy8/CVE-2025-54897-LAB,themaxlpalfaboy8__CVE-2025-54897-LAB.json,F4_security_osint_cve,1,themaxlpalfaboy/CVE-2025-54897-LAB,themaxlpalfaboy__CVE-2025-54897-LAB.json,family_bootstrap_near_neighbor
Zeeeep5/spyder-osint,Zeeeep5__spyder-osint.json,F4_security_osint_cve,1,Zeeeepa/spyder-osint,Zeeeepa__spyder-osint.json,family_bootstrap_near_neighbor
Zeeeepaz/spyder-osint2,Zeeeepaz__spyder-osint2.json,F4_security_osint_cve,1,Zeeeepa/spyder-osint2,Zeeeepa__spyder-osint2.json,family_bootstrap_near_neighbor
arliawhitec/rentverse,arliawhitec__rentverse.json,F3_web3_platform_app,1,arliawhite/rentverse,arliawhite__rentverse.json,family_bootstrap_near_neighbor
studio-hu/blockchain-dev,studio-hu__blockchain-dev.json,F3_web3_platform_app,1,clixlogix/blockchain-dev,clixlogix__blockchain-dev.json,family_bootstrap_near_neighbor
knightsdexj/knightsbridge-dex,knightsdexj__knightsbridge-dex.json,F3_web3_platform_app,1,knightsdex/knightsbridge-dex,knightsdex__knightsbridge-dex.json,family_bootstrap_near_neighbor
protocol-app/TokenPresaleApp,protocol-app__TokenPresaleApp.json,F3_web3_platform_app,1,MentarisHub121/TokenPresaleApp,MentarisHub121__TokenPresaleApp.json,family_bootstrap_near_neighbor
mirzamudassi/blocknovas-nyx-public,mirzamudassi__blocknovas-nyx-public.json,F3_web3_platform_app,1,mirzamudassir/blocknovas-nyx-public,mirzamudassir__blocknovas-nyx-public.json,family_bootstrap_near_neighbor
SuperDev31/Trading_Platform_Ultrax,SuperDev31__Trading_Platform_Ultrax.json,F3_web3_platform_app,1,SuperDev313/Trading_Platform_Ultrax,SuperDev313__Trading_Platform_Ultrax.json,family_bootstrap_near_neighbor
ta3pks2/Decentralized-Social,ta3pks2__Decentralized-Social.json,F3_web3_platform_app,1,ta3pks/Decentralized-Social,ta3pks__Decentralized-Social.json,family_bootstrap_near_neighbor
xorostar2/blocknovas-llc-currency-converter-task,xorostar2__blocknovas-llc-currency-converter-task.json,F3_web3_platform_app,1,xorostar/blocknovas-llc-currency-converter-task,xorostar__blocknovas-llc-currency-converter-task.json,family_bootstrap_near_neighbor
arliawhite2/rentverse,arliawhite2__rentverse.json,F3_web3_platform_app,1,arliawhite/rentverse,arliawhite__rentverse.json,family_bootstrap_near_neighbor
app-proto/blockchain-dev,app-proto__blockchain-dev.json,F3_web3_platform_app,1,clixlogix/blockchain-dev,clixlogix__blockchain-dev.json,family_bootstrap_near_neighbor
knightsdexk/knightsbridge-dex,knightsdexk__knightsbridge-dex.json,F3_web3_platform_app,1,knightsdex/knightsbridge-dex,knightsdex__knightsbridge-dex.json,family_bootstrap_near_neighbor
chain-studio/TokenPresaleApp,chain-studio__TokenPresaleApp.json,F3_web3_platform_app,1,MentarisHub121/TokenPresaleApp,MentarisHub121__TokenPresaleApp.json,family_bootstrap_near_neighbor
mirzamudassira/blocknovas-nyx-public,mirzamudassira__blocknovas-nyx-public.json,F3_web3_platform_app,1,mirzamudassir/blocknovas-nyx-public,mirzamudassir__blocknovas-nyx-public.json,family_bootstrap_near_neighbor
SuperDev3132/Trading_Platform_Ultrax,SuperDev3132__Trading_Platform_Ultrax.json,F3_web3_platform_app,1,SuperDev313/Trading_Platform_Ultrax,SuperDev313__Trading_Platform_Ultrax.json,family_bootstrap_near_neighbor
ta3pk/Decentralized-Social,ta3pk__Decentralized-Social.json,F3_web3_platform_app,1,ta3pks/Decentralized-Social,ta3pks__Decentralized-Social.json,family_bootstrap_near_neighbor
xorostar3/blocknovas-llc-currency-converter-task,xorostar3__blocknovas-llc-currency-converter-task.json,F3_web3_platform_app,1,xorostar/blocknovas-llc-currency-converter-task,xorostar__blocknovas-llc-currency-converter-task.json,family_bootstrap_near_neighbor
arliawhitew/rentverse,arliawhitew__rentverse.json,F3_web3_platform_app,1,arliawhite/rentverse,arliawhite__rentverse.json,family_bootstrap_near_neighbor
chain-stu/blockchain-dev,chain-stu__blockchain-dev.json,F3_web3_platform_app,1,clixlogix/blockchain-dev,clixlogix__blockchain-dev.json,family_bootstrap_near_neighbor
knightsdex2/knightsbridge-dex,knightsdex2__knightsbridge-dex.json,F3_web3_platform_app,1,knightsdex/knightsbridge-dex,knightsdex__knightsbridge-dex.json,family_bootstrap_near_neighbor
labs-protocol/TokenPresaleApp,labs-protocol__TokenPresaleApp.json,F3_web3_platform_app,1,MentarisHub121/TokenPresaleApp,MentarisHub121__TokenPresaleApp.json,family_bootstrap_near_neighbor
mirzamudassir2/blocknovas-nyx-public,mirzamudassir2__blocknovas-nyx-public.json,F3_web3_platform_app,1,mirzamudassir/blocknovas-nyx-public,mirzamudassir__blocknovas-nyx-public.json,family_bootstrap_near_neighbor
SuperDev313d/Trading_Platform_Ultrax,SuperDev313d__Trading_Platform_Ultrax.json,F3_web3_platform_app,1,SuperDev313/Trading_Platform_Ultrax,SuperDev313__Trading_Platform_Ultrax.json,family_bootstrap_near_neighbor
ta3pk2/Decentralized-Social,ta3pk2__Decentralized-Social.json,F3_web3_platform_app,1,ta3pks/Decentralized-Social,ta3pks__Decentralized-Social.json,family_bootstrap_near_neighbor
xorostar32/blocknovas-llc-currency-converter-task,xorostar32__blocknovas-llc-currency-converter-task.json,F3_web3_platform_app,1,xorostar/blocknovas-llc-currency-converter-task,xorostar__blocknovas-llc-currency-converter-task.json,family_bootstrap_near_neighbor
arliawhite3/rentverse,arliawhite3__rentverse.json,F3_web3_platform_app,1,arliawhite/rentverse,arliawhite__rentverse.json,family_bootstrap_near_neighbor
labs-stud/blockchain-dev,labs-stud__blockchain-dev.json,F3_web3_platform_app,1,clixlogix/blockchain-dev,clixlogix__blockchain-dev.json,family_bootstrap_near_neighbor
knightsdexl/knightsbridge-dex,knightsdexl__knightsbridge-dex.json,F3_web3_platform_app,1,knightsdex/knightsbridge-dex,knightsdex__knightsbridge-dex.json,family_bootstrap_near_neighbor
chain-studio2/TokenPresaleApp,chain-studio2__TokenPresaleApp.json,F3_web3_platform_app,1,MentarisHub121/TokenPresaleApp,MentarisHub121__TokenPresaleApp.json,family_bootstrap_near_neighbor
mirzamudassirj/blocknovas-nyx-public,mirzamudassirj__blocknovas-nyx-public.json,F3_web3_platform_app,1,mirzamudassir/blocknovas-nyx-public,mirzamudassir__blocknovas-nyx-public.json,family_bootstrap_near_neighbor
SuperDev3133/Trading_Platform_Ultrax,SuperDev3133__Trading_Platform_Ultrax.json,F3_web3_platform_app,1,SuperDev313/Trading_Platform_Ultrax,SuperDev313__Trading_Platform_Ultrax.json,family_bootstrap_near_neighbor
ta3pks3/Decentralized-Social,ta3pks3__Decentralized-Social.json,F3_web3_platform_app,1,ta3pks/Decentralized-Social,ta3pks__Decentralized-Social.json,family_bootstrap_near_neighbor
xorosta/blocknovas-llc-currency-converter-task,xorosta__blocknovas-llc-currency-converter-task.json,F3_web3_platform_app,1,xorostar/blocknovas-llc-currency-converter-task,xorostar__blocknovas-llc-currency-converter-task.json,family_bootstrap_near_neighbor
arliawhite4/rentverse,arliawhite4__rentverse.json,F3_web3_platform_app,1,arliawhite/rentverse,arliawhite__rentverse.json,family_bootstrap_near_neighbor
protocol-/blockchain-dev,protocol-__blockchain-dev.json,F3_web3_platform_app,1,clixlogix/blockchain-dev,clixlogix__blockchain-dev.json,family_bootstrap_near_neighbor
knightsdexf/knightsbridge-dex,knightsdexf__knightsbridge-dex.json,F3_web3_platform_app,1,knightsdex/knightsbridge-dex,knightsdex__knightsbridge-dex.json,family_bootstrap_near_neighbor
verse-studio/TokenPresaleApp,verse-studio__TokenPresaleApp.json,F3_web3_platform_app,1,MentarisHub121/TokenPresaleApp,MentarisHub121__TokenPresaleApp.json,family_bootstrap_near_neighbor
mirzamudassiri/blocknovas-nyx-public,mirzamudassiri__blocknovas-nyx-public.json,F3_web3_platform_app,1,mirzamudassir/blocknovas-nyx-public,mirzamudassir__blocknovas-nyx-public.json,family_bootstrap_near_neighbor
SuperDev312/Trading_Platform_Ultrax,SuperDev312__Trading_Platform_Ultrax.json,F3_web3_platform_app,1,SuperDev313/Trading_Platform_Ultrax,SuperDev313__Trading_Platform_Ultrax.json,family_bootstrap_near_neighbor
ta3pks4/Decentralized-Social,ta3pks4__Decentralized-Social.json,F3_web3_platform_app,1,ta3pks/Decentralized-Social,ta3pks__Decentralized-Social.json,family_bootstrap_near_neighbor
xorosta2/blocknovas-llc-currency-converter-task,xorosta2__blocknovas-llc-currency-converter-task.json,F3_web3_platform_app,1,xorostar/blocknovas-llc-currency-converter-task,xorostar__blocknovas-llc-currency-converter-task.json,family_bootstrap_near_neighbor
arliawhit/rentverse,arliawhit__rentverse.json,F3_web3_platform_app,1,arliawhite/rentverse,arliawhite__rentverse.json,family_bootstrap_near_neighbor
protocol-2/blockchain-dev,protocol-2__blockchain-dev.json,F3_web3_platform_app,1,clixlogix/blockchain-dev,clixlogix__blockchain-dev.json,family_bootstrap_near_neighbor
knightsdex3/knightsbridge-dex,knightsdex3__knightsbridge-dex.json,F3_web3_platform_app,1,knightsdex/knightsbridge-dex,knightsdex__knightsbridge-dex.json,family_bootstrap_near_neighbor
studio-labs/TokenPresaleApp,studio-labs__TokenPresaleApp.json,F3_web3_platform_app,1,MentarisHub121/TokenPresaleApp,MentarisHub121__TokenPresaleApp.json,family_bootstrap_near_neighbor
mirzamudassir3/blocknovas-nyx-public,mirzamudassir3__blocknovas-nyx-public.json,F3_web3_platform_app,1,mirzamudassir/blocknovas-nyx-public,mirzamudassir__blocknovas-nyx-public.json,family_bootstrap_near_neighbor
SuperDev313k/Trading_Platform_Ultrax,SuperDev313k__Trading_Platform_Ultrax.json,F3_web3_platform_app,1,SuperDev313/Trading_Platform_Ultrax,SuperDev313__Trading_Platform_Ultrax.json,family_bootstrap_near_neighbor
ta3pksm/Decentralized-Social,ta3pksm__Decentralized-Social.json,F3_web3_platform_app,1,ta3pks/Decentralized-Social,ta3pks__Decentralized-Social.json,family_bootstrap_near_neighbor
xorosta3/blocknovas-llc-currency-converter-task,xorosta3__blocknovas-llc-currency-converter-task.json,F3_web3_platform_app,1,xorostar/blocknovas-llc-currency-converter-task,xorostar__blocknovas-llc-currency-converter-task.json,family_bootstrap_near_neighbor
arliawhite5/rentverse,arliawhite5__rentverse.json,F3_web3_platform_app,1,arliawhite/rentverse,arliawhite__rentverse.json,family_bootstrap_near_neighbor
protocol-3/blockchain-dev,protocol-3__blockchain-dev.json,F3_web3_platform_app,1,clixlogix/blockchain-dev,clixlogix__blockchain-dev.json,family_bootstrap_near_neighbor
knightsdex4/knightsbridge-dex,knightsdex4__knightsbridge-dex.json,F3_web3_platform_app,1,knightsdex/knightsbridge-dex,knightsdex__knightsbridge-dex.json,family_bootstrap_near_neighbor
app-studio/TokenPresaleApp,app-studio__TokenPresaleApp.json,F3_web3_platform_app,1,MentarisHub121/TokenPresaleApp,MentarisHub121__TokenPresaleApp.json,family_bootstrap_near_neighbor
labs-market/polymarket-copytrading-bot-sport,labs-market__polymarket-copytrading-bot-sport.json,F2_crypto_trading_bot,1,dev-protocol/polymarket-copytrading-bot-sport,dev-protocol__polymarket-copytrading-bot-sport.json,family_bootstrap_near_neighbor
FaceOFWoo/SniperBot-Solana-PumpSwap,FaceOFWoo__SniperBot-Solana-PumpSwap.json,F2_crypto_trading_bot,1,FaceOFWood/SniperBot-Solana-PumpSwap,FaceOFWood__SniperBot-Solana-PumpSwap.json,family_bootstrap_near_neighbor
harshithvaddiparthyy/quant-bot,harshithvaddiparthyy__quant-bot.json,F2_crypto_trading_bot,1,harshith-vaddiparthy/quant-bot,harshith-vaddiparthy__quant-bot.json,family_bootstrap_near_neighbor
MorningStar213ry/Solana-pumpfun-bot,MorningStar213ry__Solana-pumpfun-bot.json,F2_crypto_trading_bot,1,Morning-Star213/Solana-pumpfun-bot,Morning-Star213__Solana-pumpfun-bot.json,family_bootstrap_near_neighbor
dex-copy/polymarket-copytrading-bot-sport,dex-copy__polymarket-copytrading-bot-sport.json,F2_crypto_trading_bot,1,dev-protocol/polymarket-copytrading-bot-sport,dev-protocol__polymarket-copytrading-bot-sport.json,family_bootstrap_near_neighbor
FaceOFWoodv/SniperBot-Solana-PumpSwap,FaceOFWoodv__SniperBot-Solana-PumpSwap.json,F2_crypto_trading_bot,1,FaceOFWood/SniperBot-Solana-PumpSwap,FaceOFWood__SniperBot-Solana-PumpSwap.json,family_bootstrap_near_neighbor
harshithvaddiparthy4/quant-bot,harshithvaddiparthy4__quant-bot.json,F2_crypto_trading_bot,1,harshith-vaddiparthy/quant-bot,harshith-vaddiparthy__quant-bot.json,family_bootstrap_near_neighbor
MorningStar213/Solana-pumpfun-bot,MorningStar213__Solana-pumpfun-bot.json,F2_crypto_trading_bot,1,Morning-Star213/Solana-pumpfun-bot,Morning-Star213__Solana-pumpfun-bot.json,family_bootstrap_near_neighbor
dex-bot/polymarket-copytrading-bot-sport,dex-bot__polymarket-copytrading-bot-sport.json,F2_crypto_trading_bot,1,dev-protocol/polymarket-copytrading-bot-sport,dev-protocol__polymarket-copytrading-bot-sport.json,family_bootstrap_near_neighbor
FaceOFWood2/SniperBot-Solana-PumpSwap,FaceOFWood2__SniperBot-Solana-PumpSwap.json,F2_crypto_trading_bot,1,FaceOFWood/SniperBot-Solana-PumpSwap,FaceOFWood__SniperBot-Solana-PumpSwap.json,family_bootstrap_near_neighbor
harshithvaddiparthy42/quant-bot,harshithvaddiparthy42__quant-bot.json,F2_crypto_trading_bot,1,harshith-vaddiparthy/quant-bot,harshith-vaddiparthy__quant-bot.json,family_bootstrap_near_neighbor
MorningStar2132/Solana-pumpfun-bot,MorningStar2132__Solana-pumpfun-bot.json,F2_crypto_trading_bot,1,Morning-Star213/Solana-pumpfun-bot,Morning-Star213__Solana-pumpfun-bot.json,family_bootstrap_near_neighbor
dex-trade/polymarket-copytrading-bot-sport,dex-trade__polymarket-copytrading-bot-sport.json,F2_crypto_trading_bot,1,dev-protocol/polymarket-copytrading-bot-sport,dev-protocol__polymarket-copytrading-bot-sport.json,family_bootstrap_near_neighbor
FaceOFWoodk/SniperBot-Solana-PumpSwap,FaceOFWoodk__SniperBot-Solana-PumpSwap.json,F2_crypto_trading_bot,1,FaceOFWood/SniperBot-Solana-PumpSwap,FaceOFWood__SniperBot-Solana-PumpSwap.json,family_bootstrap_near_neighbor
harshithvaddiparthyu/quant-bot,harshithvaddiparthyu__quant-bot.json,F2_crypto_trading_bot,1,harshith-vaddiparthy/quant-bot,harshith-vaddiparthy__quant-bot.json,family_bootstrap_near_neighbor
MorningStar2133/Solana-pumpfun-bot,MorningStar2133__Solana-pumpfun-bot.json,F2_crypto_trading_bot,1,Morning-Star213/Solana-pumpfun-bot,Morning-Star213__Solana-pumpfun-bot.json,family_bootstrap_near_neighbor
bot-trade/polymarket-copytrading-bot-sport,bot-trade__polymarket-copytrading-bot-sport.json,F2_crypto_trading_bot,1,dev-protocol/polymarket-copytrading-bot-sport,dev-protocol__polymarket-copytrading-bot-sport.json,family_bootstrap_near_neighbor
FaceOFWood3/SniperBot-Solana-PumpSwap,FaceOFWood3__SniperBot-Solana-PumpSwap.json,F2_crypto_trading_bot,1,FaceOFWood/SniperBot-Solana-PumpSwap,FaceOFWood__SniperBot-Solana-PumpSwap.json,family_bootstrap_near_neighbor
harshithvaddiparthy/quant-bot,harshithvaddiparthy__quant-bot.json,F2_crypto_trading_bot,1,harshith-vaddiparthy/quant-bot,harshith-vaddiparthy__quant-bot.json,family_bootstrap_near_neighbor
MorningStar213o3/Solana-pumpfun-bot,MorningStar213o3__Solana-pumpfun-bot.json,F2_crypto_trading_bot,1,Morning-Star213/Solana-pumpfun-bot,Morning-Star213__Solana-pumpfun-bot.json,family_bootstrap_near_neighbor
dex-signal/polymarket-copytrading-bot-sport,dex-signal__polymarket-copytrading-bot-sport.json,F2_crypto_trading_bot,1,dev-protocol/polymarket-copytrading-bot-sport,dev-protocol__polymarket-copytrading-bot-sport.json,family_bootstrap_near_neighbor
FaceOFWood4/SniperBot-Solana-PumpSwap,FaceOFWood4__SniperBot-Solana-PumpSwap.json,F2_crypto_trading_bot,1,FaceOFWood/SniperBot-Solana-PumpSwap,FaceOFWood__SniperBot-Solana-PumpSwap.json,family_bootstrap_near_neighbor
harshithvaddiparthyy2/quant-bot,harshithvaddiparthyy2__quant-bot.json,F2_crypto_trading_bot,1,harshith-vaddiparthy/quant-bot,harshith-vaddiparthy__quant-bot.json,family_bootstrap_near_neighbor
MorningStar213gg/Solana-pumpfun-bot,MorningStar213gg__Solana-pumpfun-bot.json,F2_crypto_trading_bot,1,Morning-Star213/Solana-pumpfun-bot,Morning-Star213__Solana-pumpfun-bot.json,family_bootstrap_near_neighbor
signal-labs/polymarket-copytrading-bot-sport,signal-labs__polymarket-copytrading-bot-sport.json,F2_crypto_trading_bot,1,dev-protocol/polymarket-copytrading-bot-sport,dev-protocol__polymarket-copytrading-bot-sport.json,family_bootstrap_near_neighbor
FaceOFWoo2/SniperBot-Solana-PumpSwap,FaceOFWoo2__SniperBot-Solana-PumpSwap.json,F2_crypto_trading_bot,1,FaceOFWood/SniperBot-Solana-PumpSwap,FaceOFWood__SniperBot-Solana-PumpSwap.json,family_bootstrap_near_neighbor
harshithvaddiparthy2/quant-bot,harshithvaddiparthy2__quant-bot.json,F2_crypto_trading_bot,1,harshith-vaddiparthy/quant-bot,harshith-vaddiparthy__quant-bot.json,family_bootstrap_near_neighbor
MorningStar2132q/Solana-pumpfun-bot,MorningStar2132q__Solana-pumpfun-bot.json,F2_crypto_trading_bot,1,Morning-Star213/Solana-pumpfun-bot,Morning-Star213__Solana-pumpfun-bot.json,family_bootstrap_near_neighbor
copy-trade/polymarket-copytrading-bot-sport,copy-trade__polymarket-copytrading-bot-sport.json,F2_crypto_trading_bot,1,dev-protocol/polymarket-copytrading-bot-sport,dev-protocol__polymarket-copytrading-bot-sport.json,family_bootstrap_near_neighbor
FaceOFWood5/SniperBot-Solana-PumpSwap,FaceOFWood5__SniperBot-Solana-PumpSwap.json,F2_crypto_trading_bot,1,FaceOFWood/SniperBot-Solana-PumpSwap,FaceOFWood__SniperBot-Solana-PumpSwap.json,family_bootstrap_near_neighbor
harshithvaddiparthy3/quant-bot,harshithvaddiparthy3__quant-bot.json,F2_crypto_trading_bot,1,harshith-vaddiparthy/quant-bot,harshith-vaddiparthy__quant-bot.json,family_bootstrap_near_neighbor
MorningStar213q/Solana-pumpfun-bot,MorningStar213q__Solana-pumpfun-bot.json,F2_crypto_trading_bot,1,Morning-Star213/Solana-pumpfun-bot,Morning-Star213__Solana-pumpfun-bot.json,family_bootstrap_near_neighbor
signal-marke/polymarket-copytrading-bot-sport,signal-marke__polymarket-copytrading-bot-sport.json,F2_crypto_trading_bot,1,dev-protocol/polymarket-copytrading-bot-sport,dev-protocol__polymarket-copytrading-bot-sport.json,family_bootstrap_near_neighbor
FaceOFWoo3/SniperBot-Solana-PumpSwap,FaceOFWoo3__SniperBot-Solana-PumpSwap.json,F2_crypto_trading_bot,1,FaceOFWood/SniperBot-Solana-PumpSwap,FaceOFWood__SniperBot-Solana-PumpSwap.json,family_bootstrap_near_neighbor
harshithvaddiparthy32/quant-bot,harshithvaddiparthy32__quant-bot.json,F2_crypto_trading_bot,1,harshith-vaddiparthy/quant-bot,harshith-vaddiparthy__quant-bot.json,family_bootstrap_near_neighbor
MorningStar213j/Solana-pumpfun-bot,MorningStar213j__Solana-pumpfun-bot.json,F2_crypto_trading_bot,1,Morning-Star213/Solana-pumpfun-bot,Morning-Star213__Solana-pumpfun-bot.json,family_bootstrap_near_neighbor
bot-market/polymarket-copytrading-bot-sport,bot-market__polymarket-copytrading-bot-sport.json,F2_crypto_trading_bot,1,dev-protocol/polymarket-copytrading-bot-sport,dev-protocol__polymarket-copytrading-bot-sport.json,family_bootstrap_near_neighbor
FaceOFWoodh/SniperBot-Solana-PumpSwap,FaceOFWoodh__SniperBot-Solana-PumpSwap.json,F2_crypto_trading_bot,1,FaceOFWood/SniperBot-Solana-PumpSwap,FaceOFWood__SniperBot-Solana-PumpSwap.json,family_bootstrap_near_neighbor
harshithvaddiparthyv/quant-bot,harshithvaddiparthyv__quant-bot.json,F2_crypto_trading_bot,1,harshith-vaddiparthy/quant-bot,harshith-vaddiparthy__quant-bot.json,family_bootstrap_near_neighbor
MorningStar213h/Solana-pumpfun-bot,MorningStar213h__Solana-pumpfun-bot.json,F2_crypto_trading_bot,1,Morning-Star213/Solana-pumpfun-bot,Morning-Star213__Solana-pumpfun-bot.json,family_bootstrap_near_neighbor
dex-copy2/polymarket-copytrading-bot-sport,dex-copy2__polymarket-copytrading-bot-sport.json,F2_crypto_trading_bot,1,dev-protocol/polymarket-copytrading-bot-sport,dev-protocol__polymarket-copytrading-bot-sport.json,family_bootstrap_near_neighbor
FaceOFWood6/SniperBot-Solana-PumpSwap,FaceOFWood6__SniperBot-Solana-PumpSwap.json,F2_crypto_trading_bot,1,FaceOFWood/SniperBot-Solana-PumpSwap,FaceOFWood__SniperBot-Solana-PumpSwap.json,family_bootstrap_near_neighbor
harshithvaddiparthyo/quant-bot,harshithvaddiparthyo__quant-bot.json,F2_crypto_trading_bot,1,harshith-vaddiparthy/quant-bot,harshith-vaddiparthy__quant-bot.json,family_bootstrap_near_neighbor
MorningStar2131/Solana-pumpfun-bot,MorningStar2131__Solana-pumpfun-bot.json,F2_crypto_trading_bot,1,Morning-Star213/Solana-pumpfun-bot,Morning-Star213__Solana-pumpfun-bot.json,family_bootstrap_near_neighbor
bot-market2/polymarket-copytrading-bot-sport,bot-market2__polymarket-copytrading-bot-sport.json,F2_crypto_trading_bot,1,dev-protocol/polymarket-copytrading-bot-sport,dev-protocol__polymarket-copytrading-bot-sport.json,family_bootstrap_near_neighbor
FaceOFWood7/SniperBot-Solana-PumpSwap,FaceOFWood7__SniperBot-Solana-PumpSwap.json,F2_crypto_trading_bot,1,FaceOFWood/SniperBot-Solana-PumpSwap,FaceOFWood__SniperBot-Solana-PumpSwap.json,family_bootstrap_near_neighbor
harshithvaddiparthyt/quant-bot,harshithvaddiparthyt__quant-bot.json,F2_crypto_trading_bot,1,harshith-vaddiparthy/quant-bot,harshith-vaddiparthy__quant-bot.json,family_bootstrap_near_neighbor
MorningStar213mf/Solana-pumpfun-bot,MorningStar213mf__Solana-pumpfun-bot.json,F2_crypto_trading_bot,1,Morning-Star213/Solana-pumpfun-bot,Morning-Star213__Solana-pumpfun-bot.json,family_bootstrap_near_neighbor
copy-signal/polymarket-copytrading-bot-sport,copy-signal__polymarket-copytrading-bot-sport.json,F2_crypto_trading_bot,1,dev-protocol/polymarket-copytrading-bot-sport,dev-protocol__polymarket-copytrading-bot-sport.json,family_bootstrap_near_neighbor
FaceOFWood8/SniperBot-Solana-PumpSwap,FaceOFWood8__SniperBot-Solana-PumpSwap.json,F2_crypto_trading_bot,1,FaceOFWood/SniperBot-Solana-PumpSwap,FaceOFWood__SniperBot-Solana-PumpSwap.json,family_bootstrap_near_neighbor
harshithvaddiparthy5/quant-bot,harshithvaddiparthy5__quant-bot.json,F2_crypto_trading_bot,1,harshith-vaddiparthy/quant-bot,harshith-vaddiparthy__quant-bot.json,family_bootstrap_near_neighbor
MorningStar21397/Solana-pumpfun-bot,MorningStar21397__Solana-pumpfun-bot.json,F2_crypto_trading_bot,1,Morning-Star213/Solana-pumpfun-bot,Morning-Star213__Solana-pumpfun-bot.json,family_bootstrap_near_neighbor
bot-market3/polymarket-copytrading-bot-sport,bot-market3__polymarket-copytrading-bot-sport.json,F2_crypto_trading_bot,1,dev-protocol/polymarket-copytrading-bot-sport,dev-protocol__polymarket-copytrading-bot-sport.json,family_bootstrap_near_neighbor
FaceOFWood9/SniperBot-Solana-PumpSwap,FaceOFWood9__SniperBot-Solana-PumpSwap.json,F2_crypto_trading_bot,1,FaceOFWood/SniperBot-Solana-PumpSwap,FaceOFWood__SniperBot-Solana-PumpSwap.json,family_bootstrap_near_neighbor
harshithvaddiparthyp/quant-bot,harshithvaddiparthyp__quant-bot.json,F2_crypto_trading_bot,1,harshith-vaddiparthy/quant-bot,harshith-vaddiparthy__quant-bot.json,family_bootstrap_near_neighbor
MorningStar2134v/Solana-pumpfun-bot,MorningStar2134v__Solana-pumpfun-bot.json,F2_crypto_trading_bot,1,Morning-Star213/Solana-pumpfun-bot,Morning-Star213__Solana-pumpfun-bot.json,family_bootstrap_near_neighbor
eferos93/takehome-test4,eferos93__takehome-test4.json,F5_ai_media_demo,1,eferos93/test4,eferos93__test4.json,family_bootstrap_near_neighbor
Metaldadisba/HacxGPT,Metaldadisba__HacxGPT.json,F5_ai_media_demo,1,Metaldadisbad/HacxGPT,Metaldadisbad__HacxGPT.json,family_bootstrap_near_neighbor
rizvejoarder9/SoraMax,rizvejoarder9__SoraMax.json,F5_ai_media_demo,1,rizvejoarder/SoraMax,rizvejoarder__SoraMax.json,family_bootstrap_near_neighbor
shivas1432p/sora2-watermark-remover,shivas1432p__sora2-watermark-remover.json,F5_ai_media_demo,1,shivas1432/sora2-watermark-remover,shivas1432__sora2-watermark-remover.json,family_bootstrap_near_neighbor
eferos932/takehome-test4,eferos932__takehome-test4.json,F5_ai_media_demo,1,eferos93/test4,eferos93__test4.json,family_bootstrap_near_neighbor
Metaldadisbad2/HacxGPT,Metaldadisbad2__HacxGPT.json,F5_ai_media_demo,1,Metaldadisbad/HacxGPT,Metaldadisbad__HacxGPT.json,family_bootstrap_near_neighbor
rizvejoarder4/SoraMax,rizvejoarder4__SoraMax.json,F5_ai_media_demo,1,rizvejoarder/SoraMax,rizvejoarder__SoraMax.json,family_bootstrap_near_neighbor
shivas14322/sora2-watermark-remover,shivas14322__sora2-watermark-remover.json,F5_ai_media_demo,1,shivas1432/sora2-watermark-remover,shivas1432__sora2-watermark-remover.json,family_bootstrap_near_neighbor
eferos9/takehome-test4,eferos9__takehome-test4.json,F5_ai_media_demo,1,eferos93/test4,eferos93__test4.json,family_bootstrap_near_neighbor
Metaldadisba2/HacxGPT,Metaldadisba2__HacxGPT.json,F5_ai_media_demo,1,Metaldadisbad/HacxGPT,Metaldadisbad__HacxGPT.json,family_bootstrap_near_neighbor
rizvejoardern/SoraMax,rizvejoardern__SoraMax.json,F5_ai_media_demo,1,rizvejoarder/SoraMax,rizvejoarder__SoraMax.json,family_bootstrap_near_neighbor
shivas143/sora2-watermark-remover,shivas143__sora2-watermark-remover.json,F5_ai_media_demo,1,shivas1432/sora2-watermark-remover,shivas1432__sora2-watermark-remover.json,family_bootstrap_near_neighbor
eferos932/test4,eferos932__test4.json,F5_ai_media_demo,1,eferos93/test4,eferos93__test4.json,family_bootstrap_near_neighbor
Metaldadisbad3/HacxGPT,Metaldadisbad3__HacxGPT.json,F5_ai_media_demo,1,Metaldadisbad/HacxGPT,Metaldadisbad__HacxGPT.json,family_bootstrap_near_neighbor
rizvejoarder2/SoraMax,rizvejoarder2__SoraMax.json,F5_ai_media_demo,1,rizvejoarder/SoraMax,rizvejoarder__SoraMax.json,family_bootstrap_near_neighbor
shivas1433/sora2-watermark-remover,shivas1433__sora2-watermark-remover.json,F5_ai_media_demo,1,shivas1432/sora2-watermark-remover,shivas1432__sora2-watermark-remover.json,family_bootstrap_near_neighbor
eferos92/takehome-test4,eferos92__takehome-test4.json,F5_ai_media_demo,1,eferos93/test4,eferos93__test4.json,family_bootstrap_near_neighbor
Metaldadisbadd/HacxGPT,Metaldadisbadd__HacxGPT.json,F5_ai_media_demo,1,Metaldadisbad/HacxGPT,Metaldadisbad__HacxGPT.json,family_bootstrap_near_neighbor
rizvejoarder22/SoraMax,rizvejoarder22__SoraMax.json,F5_ai_media_demo,1,rizvejoarder/SoraMax,rizvejoarder__SoraMax.json,family_bootstrap_near_neighbor
shivas1432o/sora2-watermark-remover,shivas1432o__sora2-watermark-remover.json,F5_ai_media_demo,1,shivas1432/sora2-watermark-remover,shivas1432__sora2-watermark-remover.json,family_bootstrap_near_neighbor
eferos94/takehome-test4,eferos94__takehome-test4.json,F5_ai_media_demo,1,eferos93/test4,eferos93__test4.json,family_bootstrap_near_neighbor
Metaldadisbad4/HacxGPT,Metaldadisbad4__HacxGPT.json,F5_ai_media_demo,1,Metaldadisbad/HacxGPT,Metaldadisbad__HacxGPT.json,family_bootstrap_near_neighbor
rizvejoarder3/SoraMax,rizvejoarder3__SoraMax.json,F5_ai_media_demo,1,rizvejoarder/SoraMax,rizvejoarder__SoraMax.json,family_bootstrap_near_neighbor
shivas14323/sora2-watermark-remover,shivas14323__sora2-watermark-remover.json,F5_ai_media_demo,1,shivas1432/sora2-watermark-remover,shivas1432__sora2-watermark-remover.json,family_bootstrap_near_neighbor
eferos95/takehome-test4,eferos95__takehome-test4.json,F5_ai_media_demo,1,eferos93/test4,eferos93__test4.json,family_bootstrap_near_neighbor
Metaldadisba3/HacxGPT,Metaldadisba3__HacxGPT.json,F5_ai_media_demo,1,Metaldadisbad/HacxGPT,Metaldadisbad__HacxGPT.json,family_bootstrap_near_neighbor
rizvejoarder6/SoraMax,rizvejoarder6__SoraMax.json,F5_ai_media_demo,1,rizvejoarder/SoraMax,rizvejoarder__SoraMax.json,family_bootstrap_near_neighbor
shivas1434/sora2-watermark-remover,shivas1434__sora2-watermark-remover.json,F5_ai_media_demo,1,shivas1432/sora2-watermark-remover,shivas1432__sora2-watermark-remover.json,family_bootstrap_near_neighbor
eferos93d/test4,eferos93d__test4.json,F5_ai_media_demo,1,eferos93/test4,eferos93__test4.json,family_bootstrap_near_neighbor
Metaldadisbad5/HacxGPT,Metaldadisbad5__HacxGPT.json,F5_ai_media_demo,1,Metaldadisbad/HacxGPT,Metaldadisbad__HacxGPT.json,family_bootstrap_near_neighbor
rizvejoarde/SoraMax,rizvejoarde__SoraMax.json,F5_ai_media_demo,1,rizvejoarder/SoraMax,rizvejoarder__SoraMax.json,family_bootstrap_near_neighbor
shivas14324/sora2-watermark-remover,shivas14324__sora2-watermark-remover.json,F5_ai_media_demo,1,shivas1432/sora2-watermark-remover,shivas1432__sora2-watermark-remover.json,family_bootstrap_near_neighbor
eferos935/takehome-test4,eferos935__takehome-test4.json,F5_ai_media_demo,1,eferos93/test4,eferos93__test4.json,family_bootstrap_near_neighbor
Metaldadisbadt/HacxGPT,Metaldadisbadt__HacxGPT.json,F5_ai_media_demo,1,Metaldadisbad/HacxGPT,Metaldadisbad__HacxGPT.json,family_bootstrap_near_neighbor
rizvejoarder5/SoraMax,rizvejoarder5__SoraMax.json,F5_ai_media_demo,1,rizvejoarder/SoraMax,rizvejoarder__SoraMax.json,family_bootstrap_near_neighbor
shivas1435/sora2-watermark-remover,shivas1435__sora2-watermark-remover.json,F5_ai_media_demo,1,shivas1432/sora2-watermark-remover,shivas1432__sora2-watermark-remover.json,family_bootstrap_near_neighbor
eferos93a/test4,eferos93a__test4.json,F5_ai_media_demo,1,eferos93/test4,eferos93__test4.json,family_bootstrap_near_neighbor
Metaldadisbad6/HacxGPT,Metaldadisbad6__HacxGPT.json,F5_ai_media_demo,1,Metaldadisbad/HacxGPT,Metaldadisbad__HacxGPT.json,family_bootstrap_near_neighbor
rizvejoarderr/SoraMax,rizvejoarderr__SoraMax.json,F5_ai_media_demo,1,rizvejoarder/SoraMax,rizvejoarder__SoraMax.json,family_bootstrap_near_neighbor
shivas1432s/sora2-watermark-remover,shivas1432s__sora2-watermark-remover.json,F5_ai_media_demo,1,shivas1432/sora2-watermark-remover,shivas1432__sora2-watermark-remover.json,family_bootstrap_near_neighbor
eferos93e/test4,eferos93e__test4.json,F5_ai_media_demo,1,eferos93/test4,eferos93__test4.json,family_bootstrap_near_neighbor
Metaldadisbadg/HacxGPT,Metaldadisbadg__HacxGPT.json,F5_ai_media_demo,1,Metaldadisbad/HacxGPT,Metaldadisbad__HacxGPT.json,family_bootstrap_near_neighbor
rizvejoardern2/SoraMax,rizvejoardern2__SoraMax.json,F5_ai_media_demo,1,rizvejoarder/SoraMax,rizvejoarder__SoraMax.json,family_bootstrap_near_neighbor
shivas14321/sora2-watermark-remover,shivas14321__sora2-watermark-remover.json,F5_ai_media_demo,1,shivas1432/sora2-watermark-remover,shivas1432__sora2-watermark-remover.json,family_bootstrap_near_neighbor
eferos93z/takehome-test4,eferos93z__takehome-test4.json,F5_ai_media_demo,1,eferos93/test4,eferos93__test4.json,family_bootstrap_near_neighbor
Metaldadisbad62/HacxGPT,Metaldadisbad62__HacxGPT.json,F5_ai_media_demo,1,Metaldadisbad/HacxGPT,Metaldadisbad__HacxGPT.json,family_bootstrap_near_neighbor
rizvejoarderv/SoraMax,rizvejoarderv__SoraMax.json,F5_ai_media_demo,1,rizvejoarder/SoraMax,rizvejoarder__SoraMax.json,family_bootstrap_near_neighbor
shivas14327/sora2-watermark-remover,shivas14327__sora2-watermark-remover.json,F5_ai_media_demo,1,shivas1432/sora2-watermark-remover,shivas1432__sora2-watermark-remover.json,family_bootstrap_near_neighbor
eferos93p/takehome-test4,eferos93p__takehome-test4.json,F5_ai_media_demo,1,eferos93/test4,eferos93__test4.json,family_bootstrap_near_neighbor
Metaldadisbadx/HacxGPT,Metaldadisbadx__HacxGPT.json,F5_ai_media_demo,1,Metaldadisbad/HacxGPT,Metaldadisbad__HacxGPT.json,family_bootstrap_near_neighbor
rizvejoarde2/SoraMax,rizvejoarde2__SoraMax.json,F5_ai_media_demo,1,rizvejoarder/SoraMax,rizvejoarder__SoraMax.json,family_bootstrap_near_neighbor
shivas14325/sora2-watermark-remover,shivas14325__sora2-watermark-remover.json,F5_ai_media_demo,1,shivas1432/sora2-watermark-remover,shivas1432__sora2-watermark-remover.json,family_bootstrap_near_neighbor
eferos93r/test4,eferos93r__test4.json,F5_ai_media_demo,1,eferos93/test4,eferos93__test4.json,family_bootstrap_near_neighbor
Metaldadisbad7/HacxGPT,Metaldadisbad7__HacxGPT.json,F5_ai_media_demo,1,Metaldadisbad/HacxGPT,Metaldadisbad__HacxGPT.json,family_bootstrap_near_neighbor
rizvejoarder7/SoraMax,rizvejoarder7__SoraMax.json,F5_ai_media_demo,1,rizvejoarder/SoraMax,rizvejoarder__SoraMax.json,family_bootstrap_near_neighbor
shivas1432a/sora2-watermark-remover,shivas1432a__sora2-watermark-remover.json,F5_ai_media_demo,1,shivas1432/sora2-watermark-remover,shivas1432__sora2-watermark-remover.json,family_bootstrap_near_neighbor
