number,value,datetime_start,datetime_complete,duration,params_aux_max_features,params_aux_min_df,params_aux_ngram_high,params_colsample_bytree,params_gamma,params_gen_pos_weight_mult,params_learning_rate,params_max_delta_step,params_max_depth,params_min_child_weight,params_n_estimators,params_neg_weight_mult,params_readme_max_features,params_readme_min_df,params_readme_ngram_high,params_real_pos_weight_mult,params_reg_alpha,params_reg_lambda,params_subsample,user_attrs_actual_w_generated_pos,user_attrs_actual_w_neg,user_attrs_actual_w_real_pos,user_attrs_text_mode,user_attrs_val_ap,user_attrs_val_best_threshold,user_attrs_val_f1,user_attrs_val_precision,user_attrs_val_recall,state
0,0.0902212254146405,2026-04-12 20:23:18.762979,2026-04-12 20:23:29.044819,0 days 00:00:10.281840,100,1,2,0.9399918884046401,1.8965788261092522,0.8788135485983826,0.017542216220087413,0.15332539999289452,6,3,1200,0.9174082946546163,300,3,1,1.8660902130980257,0.00016240620241982372,0.14987210648795207,0.6699097278279031,1.0985169357479783,0.9174082946546163,5.598270639294077,dual_text,0.3407075138213487,0.1654425859451294,0.56,0.4745762711864407,0.6829268292682927,COMPLETE
1,-0.6938390909250128,2026-04-12 20:23:29.045081,2026-04-12 20:23:39.582621,0 days 00:00:10.537540,100,3,1,0.8363681549071852,5.4609184546809395,0.5577500347880088,0.01150816471421572,1.0505113422142909,2,6,700,1.4382591479889206,600,4,2,1.8697246517218078,2.278991231579278,4.344399487712444,0.8164587284525386,0.697187543485011,1.4382591479889206,5.609173955165423,dual_text,0.15841527902539557,0.024924350902438164,0.3004694835680751,0.18604651162790697,0.7804878048780488,COMPLETE
2,-1.0750543047607986,2026-04-12 20:23:39.583000,2026-04-12 20:23:56.951575,0 days 00:00:17.368575,150,3,2,0.8022984262496807,2.3951813154244483,0.6928911436542664,0.018077345856268197,1.3402903294047637,6,8,600,1.4380483618445177,250,2,2,1.8287857958821614,0.0017885297989870014,1.2897678887660076,0.805771494371389,0.8661139295678331,1.4380483618445177,5.486357387646484,dual_text,0.10688549348063167,0.0844532772898674,0.17391304347826086,0.21428571428571427,0.14634146341463414,COMPLETE
3,0.22021726162890598,2026-04-12 20:23:56.951816,2026-04-12 20:24:05.783286,0 days 00:00:08.831470,100,1,2,0.6604044638335119,4.171565201730558,0.9591739794766976,0.01805159317137579,0.20548555714642336,3,3,500,1.0797700654842148,550,3,2,1.4903327777707567,0.12463221442813358,1.2321129509798139,0.8558364149304316,1.198967474345872,1.0797700654842148,4.47099833331227,dual_text,0.43294486554184547,0.2797480821609497,0.6024096385542169,0.5952380952380952,0.6097560975609756,COMPLETE
4,0.41641369353824687,2026-04-12 20:24:05.783506,2026-04-12 20:24:18.452954,0 days 00:00:12.669448,50,2,2,0.9415816646655653,4.439182918820845,0.5169180374863812,0.006122345707613742,0.36942591509817757,4,1,700,1.18878200007319,650,3,2,2.1986982458966873,0.6911819123693018,5.894884985762483,0.8639471563845076,0.6461475468579765,1.18878200007319,6.596094737690062,dual_text,0.5471231179415699,0.3024083077907562,0.6666666666666666,0.7352941176470589,0.6097560975609756,COMPLETE
5,-1.055432360954166,2026-04-12 20:24:18.453174,2026-04-12 20:24:30.225310,0 days 00:00:11.772136,150,2,1,0.9572370312849627,5.534936902638243,0.5312930817050229,0.048585859169853605,1.6579225578782837,6,8,1200,1.0869764815854905,400,4,1,1.6901096610690627,0.010588091794781746,2.8367077647976884,0.7253299802455152,0.6641163521312786,1.0869764815854905,5.0703289832071885,dual_text,0.10714185290624896,0.012781268917024136,0.18045112781954886,0.1005586592178771,0.8780487804878049,COMPLETE
6,-0.5039201699815381,2026-04-12 20:24:30.225680,2026-04-12 20:24:41.991956,0 days 00:00:11.766276,200,2,1,0.7361584906300014,4.35727004256465,0.6432943513194587,0.005117509408061671,1.8109019686269472,3,10,500,1.3469742753193379,400,3,1,1.8443704966138137,4.585368885356644e-05,0.014970654967673523,0.8953414913016565,0.8041179391493234,1.3469742753193379,5.533111489841441,dual_text,0.1723579703123709,0.05397393926978111,0.36363636363636365,0.23703703703703705,0.7804878048780488,COMPLETE
7,0.26739600232290606,2026-04-12 20:24:41.992302,2026-04-12 20:24:58.290709,0 days 00:00:16.298407,100,2,2,0.6993332806740752,5.027583172018302,0.7649887376160989,0.02213994291617289,0.7102249408015289,2,1,900,0.9465346832969825,250,3,2,1.7963269801768658,0.0001495652051170851,0.01882770919673645,0.8279403262512423,0.9562359220201235,0.9465346832969825,5.3889809405305975,dual_text,0.3908633076707538,0.11630518734455109,0.6185567010309279,0.5357142857142857,0.7317073170731707,COMPLETE
8,0.3194053599981196,2026-04-12 20:24:58.291109,2026-04-12 20:25:12.573187,0 days 00:00:14.282078,250,3,2,0.9492807662472265,5.984235602090931,0.611396247587787,0.01616820237405586,0.9720310481197425,6,1,500,1.4713698316670376,600,2,1,1.679505021440668,0.0005615911362124125,6.232791798665645,0.8088867401148587,0.7642453094847337,1.4713698316670376,5.038515064322004,dual_text,0.45076690189811053,0.1263594627380371,0.6352941176470588,0.6136363636363636,0.6585365853658537,COMPLETE
9,-1.148662306760671,2026-04-12 20:25:12.573528,2026-04-12 20:25:22.810684,0 days 00:00:10.237156,150,1,1,0.9077840357498035,4.221234876789552,0.9382499293410295,0.04098549198716011,0.34325535183587697,2,6,1400,1.3023898621267505,350,4,2,1.9101747997970562,0.0008292172745920423,0.2874870638312888,0.7240533522421937,1.1728124116762868,1.3023898621267505,5.730524399391168,dual_text,0.08732481737934618,0.005764415021985769,0.14957264957264957,0.08196721311475409,0.8536585365853658,COMPLETE
10,-0.10534554806605645,2026-04-12 20:25:22.810921,2026-04-12 20:25:33.869086,0 days 00:00:11.058165,50,2,2,0.5656034645349486,0.03668171901518491,1.1514958910993838,0.11593492044882896,0.5724006325945004,4,4,800,1.1876232707537673,500,2,2,2.19722276480002,2.968759337247494,0.21084930745100822,0.9874346757216741,1.4393698638742296,1.1876232707537673,6.59166829440006,dual_text,0.264292940570984,0.03526603430509567,0.49557522123893805,0.3888888888888889,0.6829268292682927,COMPLETE
11,0.5610848379820234,2026-04-12 20:25:33.869333,2026-04-12 20:25:42.038489,0 days 00:00:08.169156,250,3,2,0.9982350922021879,5.994688097434709,0.5251825311225333,0.006701369633759163,0.9669115386506575,5,1,400,1.2314996316400832,650,2,1,1.2542472204249493,0.029189756792761083,6.752023148601682,0.9331162431667002,0.6564781639031667,1.2314996316400832,3.762741661274848,dual_text,0.6075898374960164,0.28584951162338257,0.7142857142857143,0.8620689655172413,0.6097560975609756,COMPLETE
12,0.5017760959235269,2026-04-12 20:25:42.038704,2026-04-12 20:25:59.617409,0 days 00:00:17.578705,250,3,2,0.996591586254569,3.333685067994156,0.7523964551902673,0.005098894542589656,0.7089881452179096,5,1,900,1.240956416618644,650,2,1,1.2758011941611795,0.08999569777237523,1.71336579939996,0.9480766509180096,0.9404955689878342,1.240956416618644,3.8274035824835386,dual_text,0.6147587530064559,0.271710604429245,0.6944444444444444,0.8064516129032258,0.6097560975609756,COMPLETE
13,0.19883469518536412,2026-04-12 20:25:59.617880,2026-04-12 20:26:14.828788,0 days 00:00:15.210908,250,3,2,0.8631702884968855,2.93535779880017,0.7641941215171736,0.010857387902670726,0.9784689110768672,5,3,1100,1.2706530100287496,650,2,1,1.2733836589084133,0.026322973705166383,1.0031963458313564,0.9885765610901901,0.955242651896467,1.2706530100287496,3.82015097672524,dual_text,0.3866884210724281,0.057323161512613297,0.5957446808510638,0.5283018867924528,0.6829268292682927,COMPLETE
14,0.6603803302858501,2026-04-12 20:26:14.829166,2026-04-12 20:26:26.827071,0 days 00:00:11.997905,250,3,2,0.9798385611562438,1.2670998101114341,1.0519344547022575,0.008201437303171955,1.441961909767407,5,2,400,1.1150693161040208,500,2,1,1.2001622419842346,0.06651619029099518,2.2087978549867398,0.9230879696294245,1.3149180683778219,1.1150693161040208,3.600486725952704,dual_text,0.7191453378865421,0.42220571637153625,0.746268656716418,0.9615384615384616,0.6097560975609756,COMPLETE
15,0.4929456062562173,2026-04-12 20:26:26.827337,2026-04-12 20:26:41.323445,0 days 00:00:14.496108,200,3,2,0.8750778135977202,0.9879900035463594,1.0937659704434692,0.008249836910319953,1.3995902507840425,5,4,400,1.092277463310182,500,2,1,1.4227935986517255,0.16253843991112862,0.5680816437252484,0.9276389255824373,1.3672074630543365,1.092277463310182,4.268380795955176,dual_text,0.534084311104685,0.16485977172851562,0.6923076923076923,0.7297297297297297,0.6585365853658537,COMPLETE
16,0.6270040671321341,2026-04-12 20:26:41.323894,2026-04-12 20:26:55.725994,0 days 00:00:14.402100,200,3,2,0.9916722879324901,1.5625099724193752,1.0257394158940076,0.010545836466199917,1.3485393150101772,5,2,400,1.028251206669111,500,2,1,1.2038941662540927,0.004953177285167955,0.06550121740265222,0.9175321197735722,1.2821742698675096,1.028251206669111,3.611682498762278,dual_text,0.7040571396985865,0.3879295885562897,0.7352941176470589,0.9259259259259259,0.6097560975609756,COMPLETE
17,-0.5894236912866024,2026-04-12 20:26:55.726239,2026-04-12 20:27:05.920842,0 days 00:00:10.194603,200,3,1,0.8129914809123344,1.3082240515813195,1.0402749094216828,0.010086197440171888,1.5642029740195038,4,5,400,1.0007326316246665,450,2,1,1.4714070080556294,0.006345877458416806,0.05154747374673846,0.8944188153822186,1.3003436367771035,1.0007326316246665,4.414221024166888,dual_text,0.1780235539718917,0.023089630529284477,0.33507853403141363,0.21333333333333335,0.7804878048780488,COMPLETE
18,0.5850736235546644,2026-04-12 20:27:05.921138,2026-04-12 20:27:19.806391,0 days 00:00:13.885253,200,3,2,0.8955118333747762,0.44786065167618005,1.0245825624687224,0.03297610233563486,1.96877045191034,5,2,600,1.0296681035500017,500,2,1,1.3765340150375143,0.0032937017345785174,0.06995215845838623,0.9611375784466014,1.280728203085903,1.0296681035500017,4.129602045112543,dual_text,0.6135652295999297,0.1726541966199875,0.7222222222222222,0.8387096774193549,0.6341463414634146,COMPLETE
19,-0.3305493103165082,2026-04-12 20:27:19.806640,2026-04-12 20:27:34.381418,0 days 00:00:14.574778,200,2,2,0.7680833645042299,1.6476033634539924,1.193001200166926,0.012883722509152318,1.2163452673397959,3,5,900,1.1468073641125713,450,3,1,1.5843713389298517,0.39401744439698444,0.053603941375639695,0.899505080601235,1.4912515002086573,1.1468073641125713,4.753114016789555,dual_text,0.20975983155499459,0.018747754395008087,0.42105263157894735,0.2882882882882883,0.7804878048780488,COMPLETE
20,0.4885152843740377,2026-04-12 20:27:34.381749,2026-04-12 20:27:49.935619,0 days 00:00:15.553870,250,2,1,0.5988764518871668,0.7876044561869184,0.8783167436685466,0.007432746045085713,1.625626017243381,4,2,600,0.9951351721178392,550,3,1,1.2027287474516548,1.2496377813842854e-05,0.476662762943247,0.773047003444412,1.0978959295856834,0.9951351721178392,3.6081862423549644,dual_text,0.4813736766654622,0.08941340446472168,0.691358024691358,0.7,0.6829268292682927,COMPLETE
21,0.6475029080641835,2026-04-12 20:27:49.935856,2026-04-12 20:28:02.602565,0 days 00:00:12.666709,200,3,2,0.9020736672412774,0.13572500430007306,1.020311776953593,0.047421746535259955,1.9893596385396333,5,2,600,1.0219852105023284,500,2,1,1.3791491344256874,0.003705036921761046,0.057427505593346466,0.9624537880223631,1.2753897211919911,1.0219852105023284,4.137447403277062,dual_text,0.6310493164251667,0.1909765601158142,0.7428571428571429,0.896551724137931,0.6341463414634146,COMPLETE
22,0.647102312845658,2026-04-12 20:28:02.602884,2026-04-12 20:28:13.020617,0 days 00:00:10.417733,200,3,2,0.9893012298847023,0.031056924989717974,1.0734623250928323,0.06731944011864113,1.9844124656402236,5,2,400,1.126105352600462,550,2,1,1.3593796281983554,0.019266530821264904,0.10210206557053193,0.9607475401093767,1.3418279063660403,1.126105352600462,4.078138884595067,dual_text,0.6176961424743148,0.3172600269317627,0.7428571428571429,0.896551724137931,0.6341463414634146,COMPLETE
23,0.2866559717983781,2026-04-12 20:28:13.020839,2026-04-12 20:28:20.682085,0 days 00:00:07.661246,200,3,2,0.9150394045724655,0.142877719227058,1.1012606915796013,0.06827981684222544,1.9775881472648784,5,4,700,1.1470969143020315,550,2,1,1.3551492739303992,0.02519573495631496,0.1191223245867147,0.9633133170565813,1.3765758644745016,1.1470969143020315,4.065447821791198,dual_text,0.38853239327927336,0.03632845729589462,0.625,0.5454545454545454,0.7317073170731707,COMPLETE
24,0.7158513313329631,2026-04-12 20:28:20.682309,2026-04-12 20:28:28.320985,0 days 00:00:07.638676,250,3,2,0.9642766733210828,0.7346276035089059,0.9578754226882767,0.0829460534929124,1.7380130404387328,4,2,500,1.1439661297628159,400,2,1,1.565788669519468,0.05710313269994076,0.03135362932516527,0.9933883763004563,1.1973442783603458,1.1439661297628159,4.697366008558404,dual_text,0.7244561424713281,0.3019333779811859,0.7647058823529411,0.9629629629629629,0.6341463414634146,COMPLETE
25,0.5986850007945036,2026-04-12 20:28:28.321275,2026-04-12 20:28:37.104161,0 days 00:00:08.782886,250,3,2,0.8553814205963529,0.7724867892106505,0.9448634366255221,0.11820093754692197,1.7079223434944115,4,3,500,1.0571019524360599,400,2,1,1.5855400220734248,0.06320629074420792,0.025124997291967516,0.9806784682455943,1.1810792957819025,1.0571019524360599,4.7566200662202744,dual_text,0.5622272992107286,0.07570842653512955,0.7272727272727273,0.7777777777777778,0.6829268292682927,COMPLETE
26,-0.9389931714897684,2026-04-12 20:28:37.104426,2026-04-12 20:28:46.779451,0 days 00:00:09.675025,250,3,2,0.9020029317329724,2.3089797436911867,0.9869693730005835,0.08109346915366662,1.7850647123286998,4,7,600,1.1243968278238277,350,2,1,1.579429131632949,0.42658888306586806,0.02875263949404509,0.8752089450977907,1.2337117162507294,1.1243968278238277,4.738287394898847,dual_text,0.1157527311629774,0.069420725107193,0.2191780821917808,0.25,0.1951219512195122,COMPLETE
27,0.7882475006162353,2026-04-12 20:28:46.779782,2026-04-12 20:28:57.238435,0 days 00:00:10.458653,250,2,2,0.9629696180801047,1.0296814274922048,0.8357571557771666,0.02898002407674812,1.4941857624040336,3,2,800,0.9510799523539942,450,3,1,1.497041104989402,0.0015223252214698578,0.03926693445705522,0.9954842074581005,1.0446964447214582,0.9510799523539942,4.491123314968206,dual_text,0.6608815994885464,0.12700337171554565,0.7894736842105263,0.8571428571428571,0.7317073170731707,COMPLETE
28,0.4128931126740465,2026-04-12 20:28:57.238732,2026-04-12 20:29:08.623978,0 days 00:00:11.385246,250,2,2,0.969558967273256,1.1141270625245983,0.8162885047166669,0.026993419960285182,1.5218111144197564,3,4,1000,0.9697249712327661,350,3,1,1.96521610523336,0.0013650777579144171,0.010822264661107908,0.9936990344110626,1.0203606308958337,0.9697249712327661,5.895648315700081,dual_text,0.4297704224682231,0.04715053364634514,0.6666666666666666,0.5818181818181818,0.7804878048780488,COMPLETE
29,-0.8844466991311137,2026-04-12 20:29:08.624226,2026-04-12 20:29:20.878548,0 days 00:00:12.254322,250,1,2,0.9403728060241726,2.0708910621350873,0.8327055993993566,0.031326575303093435,1.204434443473758,3,3,1300,0.9262341210111396,450,4,1,1.5144007518998468,0.00040082273740149377,0.035403110127004436,0.6500624181241064,1.0408819992491958,0.9262341210111396,4.543202255699541,dual_text,0.14807299192584109,0.008313298225402832,0.23703703703703705,0.13973799126637554,0.7804878048780488,COMPLETE
30,-0.8795376952994401,2026-04-12 20:29:20.878845,2026-04-12 20:29:29.732763,0 days 00:00:08.853918,250,1,2,0.9228886465253852,2.752528432556546,0.9076489254947042,0.09420395489975152,1.4736336792781846,3,10,800,0.9076931118748015,300,3,1,1.7626712444103934,0.00021205465741333502,0.15596247179251377,0.9372851478385418,1.1345611568683802,0.9076931118748015,5.28801373323118,dual_text,0.13481314175995635,0.1416442096233368,0.23880597014925373,0.3076923076923077,0.1951219512195122,COMPLETE
31,0.6806864339451812,2026-04-12 20:29:29.732983,2026-04-12 20:29:41.050696,0 days 00:00:11.317713,250,2,2,0.9649799832443616,0.7254070417283376,0.9927788633432331,0.05002090335996479,1.790550321937952,6,2,800,0.9671464791877005,450,2,1,1.4087794162251046,0.0024620492932029936,0.03672771820202721,0.9984726463771001,1.2409735791790413,0.9671464791877005,4.226338248675313,dual_text,0.6605622909263321,0.2702467441558838,0.7536231884057971,0.9285714285714286,0.6341463414634146,COMPLETE
32,0.680663098751945,2026-04-12 20:29:41.051053,2026-04-12 20:29:54.073048,0 days 00:00:13.021995,250,2,2,0.9634935064650314,0.6130258583262395,0.8948775888848679,0.057818092743908894,1.8401678639748844,6,2,800,0.9556704291832346,450,4,1,1.5406940808332656,0.010996579683998491,0.03630136967563702,0.9926657675097895,1.118596986106085,0.9556704291832346,4.622082242499797,dual_text,0.659784451151791,0.30422502756118774,0.7536231884057971,0.9285714285714286,0.6341463414634146,COMPLETE
33,0.6578640938344977,2026-04-12 20:29:54.073487,2026-04-12 20:30:07.264324,0 days 00:00:13.190837,250,2,2,0.9589239242978009,0.46764372022658396,0.8850012714591917,0.05838124286597216,1.8078327040344877,6,3,800,0.9545068346589206,400,4,1,1.6461868988809287,0.009959286546368318,0.03397817999018892,0.9966770961326473,1.1062515893239897,0.9545068346589206,4.938560696642786,dual_text,0.5954697944832581,0.13122203946113586,0.7466666666666667,0.8235294117647058,0.6829268292682927,COMPLETE
34,0.3724242156326265,2026-04-12 20:30:07.264812,2026-04-12 20:30:20.504341,0 days 00:00:13.239529,250,2,2,0.834704461673491,1.7238586223378998,0.8112923884141517,0.03808643778971466,1.857352245742184,6,3,1000,0.9871282254339443,450,4,1,1.4624997290465998,0.0020742827031884426,0.017493018671230678,0.9743293170457031,1.0141154855176897,0.9871282254339443,4.387499187139799,dual_text,0.4843159596840425,0.045601390302181244,0.6526315789473685,0.5740740740740741,0.7560975609756098,COMPLETE
35,0.6479912048326486,2026-04-12 20:30:20.504719,2026-04-12 20:30:34.875679,0 days 00:00:14.370960,150,2,2,0.9305945803255464,0.6101406851892546,0.9650533036634303,0.055749531310157224,1.6979577099067902,6,2,1000,0.9019089287764424,450,3,1,1.5344991793360856,0.0014482216508798712,0.010628099621702768,0.9985908815451614,1.206316629579288,0.9019089287764424,4.603497538008257,dual_text,0.6473258753740012,0.22981111705303192,0.7428571428571429,0.896551724137931,0.6341463414634146,COMPLETE
36,0.6392733908831307,2026-04-12 20:30:34.876208,2026-04-12 20:30:47.511328,0 days 00:00:12.635120,250,2,2,0.8786709201256098,3.3203064042369914,0.8547124615982777,0.07642150588450894,1.2752177700929337,2,1,800,1.0535973792061095,400,4,2,1.6276086749674323,0.01423712447973141,0.08729621815897592,0.9486487680667054,1.0683905769978472,1.0535973792061095,4.882826024902297,dual_text,0.5683722886969557,0.1100713461637497,0.7407407407407407,0.75,0.7317073170731707,COMPLETE
37,0.3068600131448844,2026-04-12 20:30:47.511672,2026-04-12 20:30:54.800723,0 days 00:00:07.289051,200,2,1,0.9646056021574649,0.958730320472626,0.9078011795415122,0.09587973724341861,1.58356228196279,6,4,700,1.3798066338278516,350,3,1,1.4482883913021665,0.043339471324113865,0.024331935434664942,0.9714947840811128,1.1347514744268903,1.3798066338278516,4.344865173906499,dual_text,0.4041057013207166,0.03405847027897835,0.631578947368421,0.5555555555555556,0.7317073170731707,COMPLETE
38,-1.0111859525378786,2026-04-12 20:30:54.800991,2026-04-12 20:31:03.650102,0 days 00:00:08.849111,250,2,2,0.9348502806126484,1.3852701945288244,0.694168325037996,0.022156700281044592,1.8693154273025971,3,9,700,0.9415441839035616,400,4,1,1.7306469773547757,0.19585687975099375,0.03991939711823418,0.8382679841840041,0.867710406297495,0.9415441839035616,5.191940932064327,dual_text,0.1149397934528356,0.09507256001234055,0.1951219512195122,0.1951219512195122,0.1951219512195122,COMPLETE
39,0.5714997739747105,2026-04-12 20:31:03.650336,2026-04-12 20:31:13.059487,0 days 00:00:09.409151,50,1,2,0.6761239881710874,1.9483030812713196,0.9982198026167778,0.04756001558876218,1.7236876816564366,6,1,1100,0.9711864028167618,450,3,2,1.5433682991185893,9.99709362225958e-05,0.152286936680119,0.9995507496454604,1.2477747532709722,0.9711864028167618,4.630104897355768,dual_text,0.5884540042852251,0.09710071980953217,0.717948717948718,0.7567567567567568,0.6829268292682927,COMPLETE
40,-0.9510236511844152,2026-04-12 20:31:13.059728,2026-04-12 20:31:21.075423,0 days 00:00:08.015695,150,2,1,0.8381230447353255,0.3771578670451862,0.7207568332673102,0.03865064480021701,1.1163483320132963,2,5,800,1.052393958398976,300,4,1,1.4193333903632994,0.011149675123110095,0.01480824787244209,0.9090136139151441,0.9009460415841377,1.052393958398976,4.258000171089899,dual_text,0.13417362501461078,0.0050273858942091465,0.21498371335504887,0.12406015037593984,0.8048780487804879,COMPLETE
41,0.6067849594455221,2026-04-12 20:31:21.075699,2026-04-12 20:31:30.328570,0 days 00:00:09.252871,250,1,2,0.978618324876772,1.2170520624983026,0.9236427476486644,0.05759448743149691,1.4337494797618981,6,2,500,1.1734324129630576,450,2,1,1.3171117133621908,0.06442157508545347,3.8327284100193895,0.9477246431262641,1.1545534345608304,1.1734324129630576,3.9513351400865724,dual_text,0.5865256752111019,0.1298680156469345,0.7297297297297297,0.8181818181818182,0.6585365853658537,COMPLETE
42,0.4152894975540248,2026-04-12 20:31:30.329013,2026-04-12 20:31:47.317183,0 days 00:00:16.988170,250,2,2,0.9533722529767753,0.7263110972615237,0.967332470729891,0.019289262501839897,1.6251669670381657,4,2,900,1.091716854223748,500,3,1,1.5037632845447209,0.0008041791072753541,2.1689205647147833,0.7853376684764831,1.2091655884123638,1.091716854223748,4.511289853634162,dual_text,0.5096499184674991,0.05623677372932434,0.6666666666666666,0.6511627906976745,0.6829268292682927,COMPLETE
43,0.6474723285129916,2026-04-12 20:31:47.317652,2026-04-12 20:32:02.512861,0 days 00:00:15.195209,250,2,2,0.9743189733843934,1.466236463061853,1.0702316451076619,0.02811885170996772,1.4985376489201159,6,3,500,1.0082038910402888,450,2,1,1.6568038056490162,0.008230181942921948,0.04175409570363874,0.9776342087025035,1.3377895563845774,1.0082038910402888,4.970411416947049,dual_text,0.6300299980521009,0.3361855149269104,0.7428571428571429,0.896551724137931,0.6341463414634146,COMPLETE
44,0.7029724232112513,2026-04-12 20:32:02.513239,2026-04-12 20:32:16.248440,0 days 00:00:13.735201,100,1,2,0.9433836551740519,0.9933915289061405,1.135522719076673,0.013667161274572966,1.8955089810834138,4,1,700,0.9435440077843454,500,2,1,1.6109389337062165,0.0028777982775053963,0.6935374119633265,0.9211959926156786,1.4194033988458412,0.9435440077843454,4.83281680111865,dual_text,0.7094094122060349,0.15010391175746918,0.7605633802816901,0.9,0.6585365853658537,COMPLETE
45,0.696678414068784,2026-04-12 20:32:16.248837,2026-04-12 20:32:30.838143,0 days 00:00:14.589306,100,1,2,0.9436033234284007,0.3430922031324955,1.138281726164421,0.0142166781969948,1.885750984304453,3,1,700,0.9321528276646226,600,2,1,1.6128299962070747,0.0025820033400189945,0.34139484523818864,0.8787519496060109,1.4228521577055262,0.9321528276646226,4.838489988621224,dual_text,0.6065800470185361,0.05914202332496643,0.759493670886076,0.7894736842105263,0.7317073170731707,COMPLETE
46,0.7134421603809596,2026-04-12 20:32:30.838380,2026-04-12 20:32:49.027527,0 days 00:00:18.189147,100,1,2,0.8868197161390691,0.2805965356252173,1.1335565693240004,0.017150362584399635,1.8765258293780174,3,1,700,0.9369773234832182,600,2,1,1.7309914248076401,0.002206217121788524,0.36212762835891116,0.8779177283723817,1.4169457116550004,0.9369773234832182,5.19297427442292,dual_text,0.5715288028221185,0.04476767033338547,0.7654320987654321,0.775,0.7560975609756098,COMPLETE
47,0.7141729058457429,2026-04-12 20:32:49.028000,2026-04-12 20:33:05.952406,0 days 00:00:16.924406,100,1,2,0.9237513833262513,0.2697093902468257,1.1545537234737093,0.015102629972377627,1.728833432033542,3,1,700,0.9263327890582312,600,2,1,1.7184279104774942,0.0009549254337086671,0.39324048923945826,0.8812980388485654,1.4431921543421367,0.9263327890582312,5.155283731432482,dual_text,0.5958869849815607,0.0451568141579628,0.7654320987654321,0.775,0.7560975609756098,COMPLETE
48,0.669696257561563,2026-04-12 20:33:05.952694,2026-04-12 20:33:20.846461,0 days 00:00:14.893767,100,1,2,0.8879702905893857,3.907578426505068,1.1996420996563604,0.0158403356352897,1.7284569613401002,3,1,600,0.9150031532032059,600,2,2,1.8862533753576,0.00027923964134089454,0.7239787386060929,0.8541636024133094,1.4995526245704505,0.9150031532032059,5.6587601260728,dual_text,0.656541918718769,0.2712785303592682,0.75,0.8709677419354839,0.6585365853658537,COMPLETE
49,0.08991490146988723,2026-04-12 20:33:20.846866,2026-04-12 20:33:28.996300,0 days 00:00:08.149434,100,1,2,0.7917658515361596,1.0214705258275556,1.142594967164112,0.019531812138450816,0.053103620966229115,2,1,700,1.3297111411423908,600,2,1,1.8044723106110114,0.0008458339534426221,0.21578822702427938,0.8406551270651191,1.42824370895514,1.3297111411423908,5.4134169318330345,dual_text,0.33049671566290484,0.2546936571598053,0.56,0.4745762711864407,0.6829268292682927,COMPLETE
50,0.6482154631315895,2026-04-12 20:33:28.996565,2026-04-12 20:33:47.071504,0 days 00:00:18.074939,50,1,2,0.9162553874577973,0.23990379728228706,1.1158989683540936,0.013669750318063287,1.9018215361503745,4,1,700,1.4251785270767778,650,2,1,1.7010382009861251,0.0004301599860635311,0.9166592945895272,0.8627146118131976,1.394873710442617,1.4251785270767778,5.103114602958375,dual_text,0.6548011520053657,0.14082854986190796,0.7428571428571429,0.896551724137931,0.6341463414634146,COMPLETE
51,0.7163708225244542,2026-04-12 20:33:47.071779,2026-04-12 20:34:01.008960,0 days 00:00:13.937181,100,1,2,0.9403578019161473,0.46075996828984334,1.157916011728235,0.014585468742925784,1.90411612614535,3,1,700,0.9357971296457477,600,2,1,1.7296679936495358,0.004457116422192367,0.37243239482492524,0.880225319246766,1.4473950146602936,0.9357971296457477,5.189003980948607,dual_text,0.669150874271935,0.05140513926744461,0.7654320987654321,0.775,0.7560975609756098,COMPLETE
52,0.6896444572485628,2026-04-12 20:34:01.009344,2026-04-12 20:34:13.354940,0 days 00:00:12.345596,100,1,2,0.9252089019967036,0.9601514046628135,1.1732228565231735,0.016713759297495415,1.6586162261042932,3,1,600,0.9387481552772196,600,2,1,1.7487360793996958,1.1861382124077018,0.38879834439565825,0.8906892760486861,1.4665285706539668,0.9387481552772196,5.246208238199087,dual_text,0.6458062326097506,0.1644657552242279,0.7567567567567568,0.8484848484848485,0.6829268292682927,COMPLETE
53,0.639588743952085,2026-04-12 20:34:13.355186,2026-04-12 20:34:28.527834,0 days 00:00:15.172648,100,1,2,0.7435976873594597,0.46796454947952393,1.1622857725584894,0.012464314577187175,1.9157053126290637,3,1,900,0.9888642855785017,550,2,1,1.7005345349822376,0.0051536020479660116,0.23839272495053634,0.9104417890756413,1.4528572156981117,0.9888642855785017,5.101603604946713,dual_text,0.5788840576621007,0.04899223521351814,0.7407407407407407,0.75,0.7317073170731707,COMPLETE
54,0.584954451375793,2026-04-12 20:34:28.528244,2026-04-12 20:34:45.068040,0 days 00:00:16.539796,100,1,2,0.8606064332621906,0.008448577456459883,1.129184025313969,0.009126082607797055,0.8552819669818438,4,1,700,0.9042602523934605,600,2,1,1.945725455401822,0.0011455199268874717,0.5858910968183959,0.8772673843233597,1.4114800316424614,0.9042602523934605,5.837176366205465,dual_text,0.6095928236375502,0.21451611816883087,0.7222222222222222,0.8387096774193549,0.6341463414634146,COMPLETE
55,0.6383143205855789,2026-04-12 20:34:45.068442,2026-04-12 20:34:55.936969,0 days 00:00:10.868527,150,1,2,0.9425786043483392,5.138828599968232,1.0880150316746784,0.024029729771885572,1.7680770060390183,3,1,800,0.9281127832313106,650,2,1,1.8318241713266945,0.004354386556821921,1.3893051730565171,0.8212844723721385,1.360018789593348,0.9281127832313106,5.495472513980084,dual_text,0.637874613126609,0.2715480625629425,0.7397260273972602,0.84375,0.6585365853658537,COMPLETE
56,0.5980237803405818,2026-04-12 20:34:55.937194,2026-04-12 20:35:07.596422,0 days 00:00:11.659228,50,1,2,0.8865452796902171,0.263250564337682,1.1690431433058441,0.015291183497791511,1.5776872629335656,2,2,500,0.976918235286683,550,2,1,1.7801575897733033,9.007758217870554e-05,0.30423139824180123,0.8542592537855432,1.4613039291323051,0.976918235286683,5.34047276931991,dual_text,0.5401866174133328,0.12169378250837326,0.7272727272727273,0.7777777777777778,0.6829268292682927,COMPLETE
57,0.5021438532300199,2026-04-12 20:35:07.596720,2026-04-12 20:35:19.480462,0 days 00:00:11.883742,100,1,2,0.9120679742064959,0.8468538235384071,1.1077193656729591,0.01176687039889498,0.4534436479032792,4,1,600,1.0259085498971947,650,2,1,1.6876325464485946,0.0007738114858945817,0.7434736020183201,0.888023708660275,1.3846492070911989,1.0259085498971947,5.062897639345784,dual_text,0.6270173298895556,0.48594963550567627,0.6944444444444444,0.8064516129032258,0.6097560975609756,COMPLETE
58,-0.9566417130288019,2026-04-12 20:35:19.480705,2026-04-12 20:35:31.844446,0 days 00:00:12.363741,100,1,2,0.9890697142449817,0.5588044202409238,0.5992155054548334,0.018381783010223026,1.3526079528599495,3,6,700,1.2515064355975705,600,2,1,1.6142551415909872,0.001708155982801796,0.42831650140387434,0.9049416007654046,0.7490193818185418,1.2515064355975705,4.842765424772962,dual_text,0.11194289903993933,0.0490647591650486,0.21333333333333335,0.23529411764705882,0.1951219512195122,COMPLETE
59,0.49672556694973447,2026-04-12 20:35:31.844685,2026-04-12 20:35:43.656805,0 days 00:00:11.812120,50,1,1,0.9012058139503302,1.1613552239208478,1.0591134907012865,0.019990692355881568,1.9259466094069884,4,3,900,1.0086085631141963,550,2,1,2.03836079814443,0.0031397380326938103,0.5361633875673887,0.9247567434196561,1.3238918633766081,1.0086085631141963,6.115082394433291,dual_text,0.5575188983244816,0.12025744467973709,0.6933333333333334,0.7647058823529411,0.6341463414634146,COMPLETE
60,0.6896117897424165,2026-04-12 20:35:43.657275,2026-04-12 20:35:55.011641,0 days 00:00:11.354366,150,1,2,0.9472515234945893,1.827890780876042,1.1848385352716981,0.021510964278866496,1.669380926632144,3,2,600,1.2220332004281802,600,3,1,1.7235428537842208,0.006414377780763233,1.0074123392242962,0.9380544167195707,1.4810481690896227,1.2220332004281802,5.170628561352663,dual_text,0.6447173157382096,0.1615222543478012,0.7567567567567568,0.8484848484848485,0.6829268292682927,COMPLETE
61,0.7432097695701898,2026-04-12 20:35:55.012071,2026-04-12 20:36:08.687483,0 days 00:00:13.675412,100,1,2,0.9336331993880953,0.29528652793619437,1.1574364196463762,0.014819271709740093,1.8811581785980114,3,1,700,0.934746044618497,600,2,1,1.6024989865688999,0.0025731379308248136,0.31826850569693865,0.8751295526992773,1.4467955245579702,0.934746044618497,4.807496959706699,dual_text,0.6069923190063286,0.0484733022749424,0.775,0.7948717948717948,0.7560975609756098,COMPLETE
62,0.7351384546618926,2026-04-12 20:36:08.687754,2026-04-12 20:36:23.909554,0 days 00:00:15.221800,100,1,2,0.9967775643714575,0.28893462805432457,0.7879039653588166,0.00973046005903636,1.7555671553098011,3,1,800,0.9455541175275073,600,2,1,1.6612781521602187,0.0005438930416292361,0.2578733117281904,0.8647859770939101,0.9848799566985207,0.9455541175275073,4.983834456480656,dual_text,0.6950913458726118,0.16510993242263794,0.7714285714285715,0.9310344827586207,0.6585365853658537,COMPLETE
63,0.6495641315911431,2026-04-12 20:36:23.909943,2026-04-12 20:36:42.338934,0 days 00:00:18.428991,100,1,2,0.9843985621145734,0.15209554307500073,0.792537933233887,0.005717736176865464,1.7680513483493683,3,2,800,0.9552382293727291,600,2,1,1.6660776185763495,0.0004559353843387211,0.2515028576118634,0.8399709431140865,0.9906724165423587,0.9552382293727291,4.998232855729048,dual_text,0.626496694063744,0.12998788058757782,0.7435897435897436,0.7837837837837838,0.7073170731707317,COMPLETE
64,0.6371258431442886,2026-04-12 20:36:42.339468,2026-04-12 20:36:58.480842,0 days 00:00:16.141374,150,1,2,0.997660663216109,0.3406722916649058,0.7349365613719633,0.009817337268909996,1.8235532833335475,3,1,900,0.9205570260610958,650,2,1,1.5548475767351095,0.00028678709954575813,0.16059967559611113,0.7098400723765259,0.9186707017149541,0.9205570260610958,4.664542730205328,dual_text,0.5982586984169305,0.10729685425758362,0.7397260273972602,0.84375,0.6585365853658537,COMPLETE
65,-0.940975234633859,2026-04-12 20:36:58.481071,2026-04-12 20:37:11.193241,0 days 00:00:12.712170,100,1,2,0.9299365977516727,0.015388809660759617,0.7694521779409954,0.01143815794596904,1.5305056433686808,2,7,700,0.9623034148574332,550,2,1,1.7952138242623823,0.0011403287946224333,0.18624857125279906,0.7977945939802612,0.9618152224262443,0.9623034148574332,5.385641472787147,dual_text,0.12448876590208516,0.013132821768522263,0.21843003412969283,0.12698412698412698,0.7804878048780488,COMPLETE
66,0.1155444345437232,2026-04-12 20:37:11.193747,2026-04-12 20:37:24.394840,0 days 00:00:13.201093,100,1,2,0.6117486542698577,0.6155910063174455,1.1615189802135468,0.00864207535983585,1.6229163672263036,3,2,800,0.9829484082913069,600,2,1,1.7268158364171327,0.0006784602637366962,0.12100287758951414,0.8687955447205077,1.4518987252669335,0.9829484082913069,5.1804475092513975,dual_text,0.30408053983664535,0.027820508927106857,0.5688073394495413,0.45588235294117646,0.7560975609756098,COMPLETE
67,0.7202161469245276,2026-04-12 20:37:24.395240,2026-04-12 20:37:37.130239,0 days 00:00:12.734999,50,1,2,0.9764872037130563,0.237576353831787,0.840517370221857,0.01743388920674445,1.9921621305768638,3,1,600,1.4888389636941035,550,2,1,1.5880368849223216,0.001854693354246874,0.3246275572497477,0.8306003619450275,1.0506467127773214,1.4888389636941035,4.764110654766965,dual_text,0.6282094636943077,0.059478987008333206,0.7671232876712328,0.875,0.6829268292682927,COMPLETE
68,0.5913674915704707,2026-04-12 20:37:37.130580,2026-04-12 20:37:50.598399,0 days 00:00:13.467819,50,1,2,0.9999739285856802,0.8069838328827008,0.845177195757832,0.014589896286266424,1.9880710942913018,3,2,500,1.266644896921977,550,2,1,1.5784613171717128,0.00011403252656496987,0.2943513005461494,0.7633508694842372,1.05647149469729,1.266644896921977,4.735383951515138,dual_text,0.5455830523490303,0.05550524964928627,0.725,0.7435897435897436,0.7073170731707317,COMPLETE
69,0.7155540958178023,2026-04-12 20:37:50.598797,2026-04-12 20:38:04.886501,0 days 00:00:14.287704,50,1,2,0.980062624326328,0.5127456228118635,0.7879266845041512,0.007544159111789465,1.7292074330126597,3,1,600,1.4985362937181994,650,2,1,1.4906991116964141,0.020375013748239003,0.07974785851323946,0.8067072833996611,0.984908355630189,1.4985362937181994,4.472097335089242,dual_text,0.7145482919659676,0.2812202572822571,0.7647058823529411,0.9629629629629629,0.6341463414634146,COMPLETE
70,0.5476351275295701,2026-04-12 20:38:04.886737,2026-04-12 20:38:17.410771,0 days 00:00:12.524034,50,1,2,0.9815525901841464,0.4460838007938068,0.8594484080845534,0.007247366673650247,1.9449479780771446,2,2,600,1.480400105930567,650,2,1,1.5180396949119332,0.02966482664561382,0.09948831307820626,0.7988898103547617,1.0743105101056918,1.480400105930567,4.5541190847358,dual_text,0.5352060053716395,0.2268902212381363,0.7105263157894737,0.7714285714285715,0.6585365853658537,COMPLETE
71,0.7155877909133234,2026-04-12 20:38:17.411018,2026-04-12 20:38:31.400197,0 days 00:00:13.989179,50,1,2,0.9600592420889601,0.6119741508943074,0.820767147536405,0.007834295776518094,1.7475339794969036,3,1,600,1.4621656553386821,650,2,1,1.4909787586788292,0.01548657695994933,0.08263933909937556,0.8097438085080644,1.0259589344205062,1.4621656553386821,4.472936276036488,dual_text,0.7156714618166692,0.26177898049354553,0.7647058823529411,0.9629629629629629,0.6341463414634146,COMPLETE
72,0.7157775961597029,2026-04-12 20:38:31.400450,2026-04-12 20:38:44.416071,0 days 00:00:13.015621,50,1,2,0.9573212826327889,0.5992608968850468,0.7870168448705664,0.0062500589139542,1.8160830476122365,3,1,600,1.455380683911084,650,2,1,1.4818930699972035,0.016499970515153624,0.06480291875172306,0.823892129647496,0.983771056088208,1.455380683911084,4.44567920999161,dual_text,0.7219983033626545,0.36360833048820496,0.7647058823529411,0.9629629629629629,0.6341463414634146,COMPLETE
73,0.6825390257870056,2026-04-12 20:38:44.416564,2026-04-12 20:38:55.383427,0 days 00:00:10.966863,50,1,2,0.9592818588682173,0.8256309170514242,0.812126969556289,0.006145078665446052,1.8242005906858079,3,1,500,1.4217827132048004,650,2,1,1.4578135483215968,0.044921421018115096,0.047153447988017405,0.827574519608381,1.0151587119453613,1.4217827132048004,4.3734406449647905,dual_text,0.7223153523204779,0.31952139735221863,0.7536231884057971,0.9285714285714286,0.6341463414634146,COMPLETE
74,0.5845470908214419,2026-04-12 20:38:55.383665,2026-04-12 20:39:08.934188,0 days 00:00:13.550523,50,1,2,0.9720961778806729,0.6554726650896283,0.871306634024346,0.006522025480128379,1.9950070831334457,3,2,600,1.4437071548640639,650,2,1,1.5621478374084399,0.10530233403623929,0.06359963037690054,0.7535425557455029,1.0891332925304327,1.4437071548640639,4.68644351222532,dual_text,0.5960141384925112,0.19802235066890717,0.7222222222222222,0.8387096774193549,0.6341463414634146,COMPLETE
75,0.8269852754862579,2026-04-12 20:39:08.934429,2026-04-12 20:39:21.364075,0 days 00:00:12.429646,50,1,2,0.9563226460175206,1.5164534116659651,0.8279086580001468,0.009718545105624577,1.8401969404886374,3,1,500,1.390515555558932,400,2,1,1.6412429606951302,0.014148936422601404,0.027631821639235808,0.8463918305919642,1.0348858225001836,1.390515555558932,4.92372888208539,dual_text,0.7263490097150866,0.10636588931083679,0.8051948051948052,0.8611111111111112,0.7560975609756098,COMPLETE
76,0.5276560718630112,2026-04-12 20:39:21.364648,2026-04-12 20:39:35.002058,0 days 00:00:13.637410,50,1,2,0.9547349373214944,1.5148425156102077,0.7878061887910328,0.00993780624861889,1.8304243652348149,3,3,400,1.3875858987707832,400,2,1,1.6452488444527258,0.00648652149003881,0.026218454854000275,0.8469555414001158,0.984757735988791,1.3875858987707832,4.935746533358177,dual_text,0.46732360755492014,0.06993402540683746,0.7045454545454546,0.6595744680851063,0.7560975609756098,COMPLETE
77,0.7760614848793614,2026-04-12 20:39:35.002390,2026-04-12 20:39:44.487975,0 days 00:00:09.485585,50,3,2,0.9662042587822844,1.2447261584019258,0.6835117836077307,0.005358314669579747,1.9501544209443766,3,1,400,1.4031133872603216,350,2,1,1.5825167619762983,0.04151407734851798,0.030193833828687844,0.8342643567730988,0.8543897295096634,1.4031133872603216,4.747550285928895,dual_text,0.7210368377508729,0.18225093185901642,0.7848101265822784,0.8157894736842105,0.7560975609756098,COMPLETE
78,0.28710412444008626,2026-04-12 20:39:44.488205,2026-04-12 20:39:56.611447,0 days 00:00:12.123242,50,3,2,0.9683805169154438,2.269813453032438,0.6369174091023349,0.012390481222778206,1.9503385520092462,2,2,400,1.3151688057548443,350,2,1,1.6362562972294268,0.23308998845890114,0.020253354611172947,0.8631492345797278,0.7961467613779185,1.3151688057548443,4.908768891688281,dual_text,0.40347081466954393,0.08073168247938156,0.625,0.5454545454545454,0.7317073170731707,COMPLETE
79,0.8270274795079119,2026-04-12 20:39:56.611784,2026-04-12 20:40:08.642825,0 days 00:00:12.031041,150,3,2,0.9868918163527245,1.3154955735750482,0.6987899448379956,0.010899877841250911,1.9370300197718107,3,1,400,1.3629089291622718,350,3,1,1.58884989490556,0.03704312572862495,0.014801517718987335,0.8334947853058673,0.8734874310474945,1.3629089291622718,4.76654968471668,dual_text,0.727755810436887,0.09530491381883621,0.8051948051948052,0.8611111111111112,0.7560975609756098,COMPLETE
80,0.7292285505968803,2026-04-12 20:40:08.643135,2026-04-12 20:40:18.157846,0 days 00:00:09.514711,150,3,2,0.9997375030867948,1.2653826038243885,0.6605423311755921,0.005522054786046933,1.9517930376222266,3,1,400,1.3963255470148455,350,3,1,1.6683955845563465,0.032506621289963455,0.013780761867787312,0.8368058403045674,0.8256779139694902,1.3963255470148455,5.005186753669039,dual_text,0.7178747634857534,0.19191941618919373,0.7692307692307693,0.8108108108108109,0.7317073170731707,COMPLETE
81,0.8063963942854147,2026-04-12 20:40:18.158244,2026-04-12 20:40:30.375023,0 days 00:00:12.216779,150,3,2,0.9868109697721189,1.339747877979327,0.6711700883137579,0.010776408835226944,1.935387757906996,3,1,400,1.3708586422188223,350,3,1,1.5957556669115014,0.03641808000237152,0.013765110948473316,0.8328111814326142,0.8389626103921974,1.3708586422188223,4.787267000734504,dual_text,0.7260336556676739,0.09035173058509827,0.7948717948717948,0.8378378378378378,0.7560975609756098,COMPLETE
82,0.7228892004533762,2026-04-12 20:40:30.375346,2026-04-12 20:40:40.013143,0 days 00:00:09.637797,150,3,2,0.9949176187661841,1.3295801749100362,0.6783225752112667,0.0057702767082579345,1.9450167771542854,3,1,400,1.3686574958043127,350,3,1,1.600751975121325,0.04142518432285977,0.014391352956798019,0.8324259461285256,0.8479032190140834,1.3686574958043127,4.802255925363975,dual_text,0.7173112479892606,0.32181087136268616,0.7671232876712328,0.875,0.6829268292682927,COMPLETE
83,0.7292743351907237,2026-04-12 20:40:40.013425,2026-04-12 20:40:49.733976,0 days 00:00:09.720551,150,3,2,0.9999747234472176,1.6568273806860179,0.6880574041661758,0.0056179138997196195,1.9292863386267525,3,1,400,1.3692255649471121,350,3,1,1.6007180086755963,0.07672920962538314,0.013522189728739222,0.8472817251167961,0.8600717552077197,1.3692255649471121,4.802154026026789,dual_text,0.7194009166138672,0.20314247906208038,0.7692307692307693,0.8108108108108109,0.7317073170731707,COMPLETE
84,0.7757916159484801,2026-04-12 20:40:49.734231,2026-04-12 20:41:00.340758,0 days 00:00:10.606527,150,3,2,0.989226944786683,1.7132105655581829,0.6778266602462326,0.0067826109613717545,1.8528575932201414,3,1,400,1.3545419434514632,300,3,1,1.5302875063550754,0.12234160466974169,0.012382305710249578,0.8147190282166846,0.8472833253077907,1.3545419434514632,4.590862519065226,dual_text,0.7120412067214948,0.15210174024105072,0.7848101265822784,0.8157894736842105,0.7560975609756098,COMPLETE
85,0.7756451128944897,2026-04-12 20:41:00.341002,2026-04-12 20:41:10.402230,0 days 00:00:10.061228,150,3,2,0.9887093832780854,2.0220042677145798,0.7070096603561438,0.007053477432553292,1.7877441791267845,3,1,400,1.3635918531082303,250,3,1,1.5258681374407685,0.07673070561312748,0.019932257531613547,0.8464821965333994,0.8837620754451797,1.3635918531082303,4.577604412322305,dual_text,0.7071577715884813,0.1641044318675995,0.7848101265822784,0.8157894736842105,0.7560975609756098,COMPLETE
86,0.6379165998639593,2026-04-12 20:41:10.402603,2026-04-12 20:41:24.946267,0 days 00:00:14.543664,150,3,2,0.9854722201404267,2.0766983594231414,0.7142933855658358,0.007042912992048741,1.775089035596127,3,2,400,1.3465351924066595,250,3,2,1.532366650794413,0.32706826886781093,0.02086837895338623,0.8177907836438292,0.8928667319572947,1.3465351924066595,4.597099952383239,dual_text,0.6246172557392888,0.2965029180049896,0.7397260273972602,0.84375,0.6585365853658537,COMPLETE
87,0.6701210447170728,2026-04-12 20:41:24.946516,2026-04-12 20:41:36.212436,0 days 00:00:11.265920,150,3,2,0.9701990832963541,2.536329087424627,0.5823710230171454,0.008869040821754461,1.6806627537749053,3,1,400,1.2963592929431191,250,3,1,1.445104229769711,0.1263383628750636,0.01142937491575001,0.7873286896732187,0.7279637787714317,1.2963592929431191,4.3353126893091325,dual_text,0.6707014905690944,0.23849740624427795,0.75,0.8709677419354839,0.6585365853658537,COMPLETE
88,0.775834622308302,2026-04-12 20:41:36.212794,2026-04-12 20:41:47.614214,0 days 00:00:11.401420,150,3,2,0.9819046805654698,2.0472164299104354,0.6494786362042145,0.005008581972130545,1.8405571598290165,3,1,500,1.4072692733534078,300,3,1,1.5655351924705498,0.15866436729749392,0.019200238142795537,0.8159339810867627,0.8118482952552681,1.4072692733534078,4.696605577411649,dual_text,0.7134747520488941,0.16027063131332397,0.7848101265822784,0.8157894736842105,0.7560975609756098,COMPLETE
89,0.3496903353448203,2026-04-12 20:41:47.614588,2026-04-12 20:41:58.825332,0 days 00:00:11.210744,150,3,2,0.9490078066884334,1.862878503964581,0.6348408626911523,0.005308030449939239,1.86666544889911,2,2,500,1.4164606889529987,300,3,1,1.5163149530327384,0.6524246027282249,0.017685318098719822,0.813292704987371,0.7935510783639403,1.4164606889529987,4.548944859098215,dual_text,0.406344511494008,0.15630239248275757,0.6458333333333334,0.5636363636363636,0.7560975609756098,COMPLETE
90,-0.9887346439858489,2026-04-12 20:41:58.825587,2026-04-12 20:42:12.075052,0 days 00:00:13.249465,150,3,1,0.9832123561867457,2.0752219187748584,0.6601754143277581,0.010851294366519115,1.857313113799515,3,9,500,1.4033023813283827,300,3,1,1.5622400926850817,0.09119546823040121,0.029784339235697985,0.7957291151841466,0.8252192679096976,1.4033023813283827,4.686720278055245,dual_text,0.1223473101763498,0.07529354095458984,0.20253164556962025,0.21052631578947367,0.1951219512195122,COMPLETE
91,0.7760683823888722,2026-04-12 20:42:12.075487,2026-04-12 20:42:20.783717,0 days 00:00:08.708230,200,3,2,0.9889501815260577,1.5728948286617552,0.7069600521671264,0.005044823242885615,1.7831536405278445,3,1,400,1.3513145877190655,300,3,1,1.6194522810822296,0.15734841903269697,0.021121629261287408,0.8491076563518761,0.883700065208908,1.3513145877190655,4.858356843246689,dual_text,0.7212667547345641,0.20402464270591736,0.7848101265822784,0.8157894736842105,0.7560975609756098,COMPLETE
92,0.7760676154987314,2026-04-12 20:42:20.784041,2026-04-12 20:42:30.548290,0 days 00:00:09.764249,200,3,2,0.9731052451153615,1.5843508607218926,0.7130999655686776,0.005234666355372879,1.8051608120457334,3,1,400,1.3554871770225383,300,3,1,1.6309419941701873,0.13814283409986416,0.02212026709431464,0.8487862647431139,0.891374956960847,1.3554871770225383,4.892825982510562,dual_text,0.7212411917298701,0.20287008583545685,0.7848101265822784,0.8157894736842105,0.7560975609756098,COMPLETE
93,0.7756464375893083,2026-04-12 20:42:30.548666,2026-04-12 20:42:41.629604,0 days 00:00:11.080938,200,3,2,0.9698632422141098,1.4442943737574432,0.7078235664257784,0.0065577253754258965,1.7876004756484563,3,1,400,1.3449509372673802,300,3,1,1.6260159238773042,0.14300596774626875,0.022635709064609523,0.8468512985863911,0.884779458032223,1.3449509372673802,4.878047771631913,dual_text,0.7072019280824335,0.17528359591960907,0.7848101265822784,0.8157894736842105,0.7560975609756098,COMPLETE
94,0.775634639275558,2026-04-12 20:42:41.629975,2026-04-12 20:42:52.869885,0 days 00:00:11.239910,200,3,2,0.9728846226146092,1.736461535621544,0.7343170630798769,0.005290234070614671,1.6257748089836195,3,1,400,1.3455507845545833,300,3,1,1.5772355031704555,0.1492215271923285,0.023170409561383984,0.8176090715947125,0.9178963288498461,1.3455507845545833,4.731706509511366,dual_text,0.7068086509574243,0.2007003277540207,0.7848101265822784,0.8157894736842105,0.7560975609756098,COMPLETE
95,0.7761159362689609,2026-04-12 20:42:52.870241,2026-04-12 20:43:04.111949,0 days 00:00:11.241708,200,3,2,0.9493569752004648,1.4388685103062988,0.6158913556995835,0.005021652522117404,1.8381046116436253,3,1,400,1.331640564377693,300,3,1,1.6332587755930126,0.2778989097670172,0.016715624423143602,0.8585598923198351,0.7698641946244794,1.331640564377693,4.899776326779038,dual_text,0.7228518840708557,0.19173184037208557,0.7848101265822784,0.8157894736842105,0.7560975609756098,COMPLETE
96,0.6868604106541233,2026-04-12 20:43:04.112274,2026-04-12 20:43:18.887121,0 days 00:00:14.774847,200,3,2,0.9511653744194795,1.590393220793568,0.657861590757196,0.006061899768584426,1.6981962965762183,3,2,500,1.3261545281795826,300,3,1,1.6306521601510926,0.3126090434362035,0.016481373196094,0.8575947815660485,0.822326988446495,1.3261545281795826,4.891956480453278,dual_text,0.6189242575764696,0.1493302285671234,0.7560975609756098,0.7560975609756098,0.7560975609756098,COMPLETE
97,0.7156810244282703,2026-04-12 20:43:18.887489,2026-04-12 20:43:29.501352,0 days 00:00:10.613863,200,3,2,0.964214699522107,1.06298617429904,0.6265987241500676,0.005084251609238071,1.8482326252320997,3,1,400,1.406387588543362,300,3,1,1.684421236690005,0.22969783941312374,0.01171072491232769,0.8257103330156466,0.7832484051875844,1.406387588543362,5.0532637100700155,dual_text,0.718779245648234,0.43701738119125366,0.7647058823529411,0.9629629629629629,0.6341463414634146,COMPLETE
98,0.7691337895997372,2026-04-12 20:43:29.501672,2026-04-12 20:43:42.798799,0 days 00:00:13.297127,200,3,2,0.9197510122383472,2.2514471626614414,0.5506546034382631,0.0059823755953618725,1.9018765007240575,4,1,500,1.303461841050815,300,3,1,1.5390404789344172,0.7735449642549679,0.01619183480268999,0.7785701722463815,0.6883182542978289,1.303461841050815,4.617121436803251,dual_text,0.710256754773849,0.29675769805908203,0.782608695652174,0.9642857142857143,0.6585365853658537,COMPLETE
99,0.10036373364605955,2026-04-12 20:43:42.799181,2026-04-12 20:43:53.895394,0 days 00:00:11.096213,200,3,2,0.7054387964782098,1.4151187650559405,0.6153703823816122,0.005022413001656429,1.0157098849023265,3,2,400,1.3583906509050092,350,3,1,1.3980105846468713,0.05189287444219941,0.02721423528230755,0.8380709167363127,0.7692129779770153,1.3583906509050092,4.194031753940614,dual_text,0.31515475789895964,0.09023573249578476,0.5636363636363636,0.4492753623188406,0.7560975609756098,COMPLETE
100,0.4959486177206527,2026-04-12 20:43:53.895735,2026-04-12 20:44:16.454079,0 days 00:00:22.558344,200,3,2,0.9875151230374352,1.182752389757118,0.6757844119101041,0.006645590018132115,0.6410377424376688,3,1,1400,1.3794010665784402,400,3,1,1.5567781235010245,0.1752420866092714,0.011996288310510961,0.7007592334255901,0.8447305148876301,1.3794010665784402,4.670334370503074,dual_text,0.5316205906884224,0.10910724103450775,0.6933333333333334,0.7647058823529411,0.6341463414634146,COMPLETE
101,0.7761047152198088,2026-04-12 20:44:16.454414,2026-04-12 20:44:25.850818,0 days 00:00:09.396404,200,3,2,0.9750976474151529,1.5080281769388535,0.7486897584072958,0.0050177837574690125,1.8010115688859618,3,1,400,1.3394797614588918,300,3,1,1.6215692334315266,0.11910612917876753,0.03161513728308193,0.8527391243644314,0.9358621980091197,1.3394797614588918,4.86470770029458,dual_text,0.7224778490991198,0.23672698438167572,0.7848101265822784,0.8157894736842105,0.7560975609756098,COMPLETE
102,0.7754883076161628,2026-04-12 20:44:25.851136,2026-04-12 20:44:35.759507,0 days 00:00:09.908371,200,3,2,0.9366337342582696,1.7328418779178167,0.7544768766806191,0.005448677300778584,1.8306858609551213,3,1,400,1.3295072394282703,300,3,1,1.6419787315166652,0.11133129446612243,0.040800246055805,0.8562794931328924,0.9430960958507739,1.3295072394282703,4.925936194549996,dual_text,0.701930928977586,0.21221481263637543,0.7848101265822784,0.8157894736842105,0.7560975609756098,COMPLETE
103,0.6876333658557306,2026-04-12 20:44:35.759920,2026-04-12 20:44:46.717739,0 days 00:00:10.957819,200,3,2,0.9766579845614477,1.5571912320939816,0.7396077600574152,0.03287632693036616,1.8920446396487822,3,1,500,1.28807413457506,250,3,1,1.5866655957024132,0.47627156372918733,0.03438371262967074,0.8329200922963812,0.924509700071769,1.28807413457506,4.759996787107239,dual_text,0.6446894309633807,0.057421255856752396,0.7560975609756098,0.7560975609756098,0.7560975609756098,COMPLETE
104,0.6913051959200481,2026-04-12 20:44:46.717997,2026-04-12 20:44:56.410761,0 days 00:00:09.692764,150,3,2,0.9512666691185986,1.7922734100298507,0.6932653461651324,0.005052914492165873,1.647828600353742,3,1,400,1.3892722439908967,350,3,1,1.6126179977971582,0.021887609953039115,0.010366133666764282,0.805290315296689,0.8665816827064154,1.3892722439908967,4.837853993391475,dual_text,0.701164188325927,0.2775439918041229,0.7567567567567568,0.8484848484848485,0.6829268292682927,COMPLETE
105,0.6964268324960511,2026-04-12 20:44:56.411099,2026-04-12 20:45:09.363062,0 days 00:00:12.951963,200,3,2,0.9882578734026565,1.355482532929975,0.5984800276018747,0.005858323928590633,1.7952825847710077,3,2,500,1.431717890020672,350,3,1,1.5008248136839073,0.22929649560835125,0.028603873476248088,0.8715954810164563,0.7481000345023434,1.431717890020672,4.502474441051722,dual_text,0.598193994594107,0.15830062329769135,0.759493670886076,0.7894736842105263,0.7317073170731707,COMPLETE
106,0.7289573265484214,2026-04-12 20:45:09.363564,2026-04-12 20:45:18.826704,0 days 00:00:09.463140,150,3,2,0.9613618419566475,1.9449227367513418,0.6683588919592593,0.005404227189069714,1.5565233446683635,3,1,400,1.408459573293683,300,3,1,1.6819042630586802,0.062026460703833323,0.04693822357890691,0.821650497415553,0.8354486149490742,1.408459573293683,5.045712789176041,dual_text,0.7088339618704541,0.19441084563732147,0.7692307692307693,0.8108108108108109,0.7317073170731707,COMPLETE
107,-0.11732400700876428,2026-04-12 20:45:18.827042,2026-04-12 20:45:26.107294,0 days 00:00:07.280252,200,3,2,0.974165466203023,1.6433502560051851,0.7247671450942345,0.006506055026725906,0.24881634521032803,3,2,400,1.355682598776425,350,3,1,1.5491414202891691,0.03585320335093215,0.017685779881775953,0.8436066818184363,0.905958931367793,1.355682598776425,4.647424260867507,dual_text,0.26999072682650305,0.1381935030221939,0.4915254237288136,0.37662337662337664,0.7073170731707317,COMPLETE
108,0.5913938646956076,2026-04-12 20:45:26.107943,2026-04-12 20:45:39.293212,0 days 00:00:13.185269,150,3,2,0.9416376863989963,1.1260810107588168,0.6443793833372825,0.025789189642549264,1.9557266306414183,3,1,1200,1.3347121503344401,250,3,1,1.65286655479062,0.2999360261018434,0.012548016029005096,0.8524861287803361,0.8054742291716032,1.3347121503344401,4.95859966437186,dual_text,0.546462156520258,0.04501577839255333,0.725,0.7435897435897436,0.7073170731707317,COMPLETE
109,0.7756501877014446,2026-04-12 20:45:39.293648,2026-04-12 20:45:50.704130,0 days 00:00:11.410482,150,3,2,0.9893278336813134,1.2367084277496925,0.6476066978560807,0.008188965260086521,1.7059258939693744,3,1,400,1.379612862565458,300,3,1,1.4388386307586323,0.09309134725558256,0.022611327426981347,0.8120092397328513,0.8095083723201009,1.379612862565458,4.316515892275897,dual_text,0.7073269318203089,0.13183017075061798,0.7848101265822784,0.8157894736842105,0.7560975609756098,COMPLETE
110,-0.041357365747068386,2026-04-12 20:45:50.704370,2026-04-12 20:46:03.173151,0 days 00:00:12.468781,200,3,2,0.9793832897795224,1.5031110944084187,0.5014364148729714,0.006326847308894463,1.1053924949632523,2,2,500,1.2793003818874118,300,3,1,1.5779284337572492,0.18528299627179473,0.03155962652820309,0.7887101295092035,0.6267955185912143,1.2793003818874118,4.733785301271748,dual_text,0.28808780843105286,0.08763708919286728,0.5166666666666667,0.3924050632911392,0.7560975609756098,COMPLETE
111,0.7758028677964794,2026-04-12 20:46:03.173585,2026-04-12 20:46:14.516168,0 days 00:00:11.342583,150,3,2,0.9881887320988461,1.2796754958050163,0.686414108500512,0.007729320609756847,1.856100756058955,3,1,400,1.3788865401394814,300,3,1,1.4265002693442272,0.07903139037464896,0.022477901878352066,0.8146471229714366,0.8580176356256399,1.3788865401394814,4.279500808032681,dual_text,0.712416268321474,0.14241258800029755,0.7848101265822784,0.8157894736842105,0.7560975609756098,COMPLETE
112,0.8060095331047329,2026-04-12 20:46:14.516497,2026-04-12 20:46:26.124368,0 days 00:00:11.607871,150,3,2,0.9594852804206241,0.9508059567587277,0.7683409070411507,0.009268423739974538,1.8594707021860395,3,1,400,1.315461861326845,300,3,1,1.334511905137538,0.05263914809980938,0.01848632388501537,0.8315121267989548,0.9604261338014384,1.315461861326845,4.003535715412614,dual_text,0.7131382829782832,0.13215848803520203,0.7948717948717948,0.8378378378378378,0.7560975609756098,COMPLETE
113,0.8059728307309478,2026-04-12 20:46:26.124601,2026-04-12 20:46:37.289144,0 days 00:00:11.164543,200,3,2,0.9652177523794019,0.9886923775144136,0.77232757671304,0.009121564130774213,1.9196108244768626,3,1,400,1.3927267985844987,300,3,1,1.3016504936054192,0.07981776616550536,0.015909332925407273,0.8341100861798383,0.9654094708912999,1.3927267985844987,3.9049514808162575,dual_text,0.7119148705187808,0.1293623000383377,0.7948717948717948,0.8378378378378378,0.7560975609756098,COMPLETE
114,0.5210347723685441,2026-04-12 20:46:37.289510,2026-04-12 20:46:50.067880,0 days 00:00:12.778370,200,3,2,0.9290111688545485,1.1103894216209935,0.7646492891422034,0.030147650386100525,0.8246570151679522,3,1,400,1.309979142930508,350,3,1,1.2650862223063195,0.024239289533373183,0.0189707937819873,0.8507604538738817,0.9558116114277543,1.309979142930508,3.7952586669189587,dual_text,0.5712889490813431,0.06486319750547409,0.7012987012987013,0.75,0.6585365853658537,COMPLETE
115,0.8205767527236251,2026-04-12 20:46:50.068430,2026-04-12 20:47:04.534758,0 days 00:00:14.466328,200,3,2,0.9518613112414303,0.9101830780401181,0.7021318608500192,0.009245480866352325,1.9194829495791497,3,1,500,1.4422378638835218,400,3,1,1.3050004777074145,0.05257418819739906,0.015415431568615686,0.859483383362274,0.877664826062524,1.4422378638835218,3.915001433122243,dual_text,0.6858917574541666,0.10462276637554169,0.8,0.8823529411764706,0.7317073170731707,COMPLETE
116,-0.6757368493592883,2026-04-12 20:47:04.535134,2026-04-12 20:47:17.953995,0 days 00:00:13.418861,200,3,2,0.9534919445827149,0.9387221877792828,0.7017854069411018,0.010411669733284208,1.9283835535093814,3,7,400,1.3970472906859566,400,3,1,1.306791474276952,0.04614279965182538,0.015107253548923397,0.8667526815240856,0.8772317586763773,1.3970472906859566,3.920374422830856,dual_text,0.18676211864573436,0.019342774525284767,0.3062200956937799,0.19047619047619047,0.7804878048780488,COMPLETE
117,0.8367690186924739,2026-04-12 20:47:17.954345,2026-04-12 20:47:32.187487,0 days 00:00:14.233142,200,3,2,0.9601058255964231,0.9311852839184247,0.777105107961996,0.009253787836618173,1.9961676589455677,3,1,500,1.3214923941612784,400,3,1,1.2278716438364583,0.013426953511740093,0.026749306426344842,0.8602125435210617,0.9713813849524949,1.3214923941612784,3.683614931509375,dual_text,0.6993181669421126,0.1127496212720871,0.8157894736842105,0.8857142857142857,0.7560975609756098,COMPLETE
118,0.7717428502694362,2026-04-12 20:47:32.187844,2026-04-12 20:47:46.688053,0 days 00:00:14.500209,200,3,2,0.9108625697885403,1.006907794962633,0.774142393176475,0.008406790301756163,1.9002040895369432,3,2,500,1.445375709873139,400,3,1,1.294048467373736,0.054032509695214864,0.025392081212859755,0.8856105100187576,0.9676779914705937,1.445375709873139,3.882145402121208,dual_text,0.5770823507533667,0.09790830314159393,0.7848101265822784,0.8157894736842105,0.7560975609756098,COMPLETE
119,0.8058358645617548,2026-04-12 20:47:46.688429,2026-04-12 20:48:00.933107,0 days 00:00:14.244678,200,3,2,0.9384493893688288,0.8868508092136198,0.7537903014196333,0.009407475019330126,1.9905570283549532,3,1,500,1.3152510620350895,400,3,1,1.2218044272082584,0.008070823848519612,0.015664558742176083,0.8560348063153864,0.9422378767745416,1.3152510620350895,3.665413281624775,dual_text,0.7073493315456812,0.0900421291589737,0.7948717948717948,0.8378378378378378,0.7560975609756098,COMPLETE
120,0.7360071493367627,2026-04-12 20:48:00.933441,2026-04-12 20:48:18.794939,0 days 00:00:17.861498,200,3,2,0.9361163345898686,0.9015140868718519,0.7470184891236211,0.00928159411299525,1.9953719642965317,4,1,500,1.3204883079673575,400,3,2,1.225602640765794,0.008479437110128524,0.01521456905762272,0.86034067575835,0.9337731114045265,1.3204883079673575,3.676807922297382,dual_text,0.7240478350349479,0.11678308993577957,0.7714285714285715,0.9310344827586207,0.6585365853658537,COMPLETE
121,0.8043984974680729,2026-04-12 20:48:18.795245,2026-04-12 20:48:34.124539,0 days 00:00:15.329294,200,3,2,0.9583068268303023,0.8694858096431338,0.8005458092286781,0.011320077428488973,1.9293237741730254,3,1,500,1.3362470357687015,400,3,1,1.2353951850531841,0.013817859420951935,0.016913896938298475,0.8428773859429158,1.0006822615358477,1.3362470357687015,3.7061855551595526,dual_text,0.659437095089616,0.0690990462899208,0.7948717948717948,0.8378378378378378,0.7560975609756098,COMPLETE
122,0.7887819939213299,2026-04-12 20:48:34.124881,2026-04-12 20:48:48.581900,0 days 00:00:14.457019,200,3,2,0.9448991086412081,0.8141942501004092,0.8028357666983845,0.011273931759589297,1.9141756834815538,3,1,500,1.3140224250236519,400,3,1,1.2354252513226285,0.014965478795091086,0.01598245349860802,0.8398694435659346,1.0035447083729807,1.3140224250236519,3.7062757539678852,dual_text,0.6786980429916982,0.08593891561031342,0.7894736842105263,0.8571428571428571,0.7317073170731707,COMPLETE
123,0.8257459213477608,2026-04-12 20:48:48.582236,2026-04-12 20:49:02.013046,0 days 00:00:13.430810,200,3,2,0.9439738648992866,0.7098932667027941,0.8092343566343387,0.011564247536654039,1.9688534609281931,3,1,500,1.3375069628570626,400,3,1,1.2396534394559082,0.012816384514218987,0.010272752568498345,0.8964514148851628,1.0115429457929235,1.3375069628570626,3.7189603183677247,dual_text,0.6850372050985201,0.08779159188270569,0.8051948051948052,0.8611111111111112,0.7560975609756098,COMPLETE
124,0.7883803925200583,2026-04-12 20:49:02.013332,2026-04-12 20:49:15.550717,0 days 00:00:13.537385,200,3,2,0.923184948329584,0.7773892547464953,0.8003229615408258,0.011882169204423589,1.9904620701424034,3,1,500,1.252083033323072,400,3,1,1.2371762075009198,0.011827542453697396,0.010154319917824638,0.8283780550070693,1.0004037019260323,1.252083033323072,3.7115286225027595,dual_text,0.6653113296159822,0.08262010663747787,0.7894736842105263,0.8571428571428571,0.7317073170731707,COMPLETE
125,0.7875310795687327,2026-04-12 20:49:15.550943,2026-04-12 20:49:28.582540,0 days 00:00:13.031597,200,3,2,0.9210325878453505,0.7407554611137614,0.8019979257272009,0.011464934305032617,1.9934646939637888,3,1,500,1.2474615639101383,400,3,1,1.230049104446843,0.012893034211904991,0.010723493327150132,0.8258134917828324,1.0024974071590012,1.2474615639101383,3.6901473133405287,dual_text,0.6370008979051253,0.08441564440727234,0.7894736842105263,0.8571428571428571,0.7317073170731707,COMPLETE
126,-0.9104113976278423,2026-04-12 20:49:28.583013,2026-04-12 20:49:40.669831,0 days 00:00:12.086818,200,3,2,0.9025207055074321,0.8598646764867589,0.8168329297130236,0.013184756375847373,1.9166499739485559,3,5,500,1.285481722942782,400,3,1,1.2307870358944488,0.009599501673535998,0.013481364934311475,0.8401318897791237,1.0210411621412794,1.285481722942782,3.6923611076833467,dual_text,0.12914388859574005,0.05435674265027046,0.22857142857142856,0.27586206896551724,0.1951219512195122,COMPLETE
127,0.8218202791662702,2026-04-12 20:49:40.670132,2026-04-12 20:49:53.864551,0 days 00:00:13.194419,200,3,2,0.9311271023491149,0.7016862087702012,0.8311426030680775,0.009307629079668969,1.979659745828967,3,1,500,1.264554209134484,450,3,1,1.2451302711825618,0.017227224195469786,0.010076455090177459,0.8300449119131491,1.0389282538350968,1.264554209134484,3.7353908135476854,dual_text,0.727342638875673,0.1206178143620491,0.8,0.8823529411764706,0.7317073170731707,COMPLETE
128,0.8220221404369151,2026-04-12 20:49:53.865106,2026-04-12 20:50:07.094134,0 days 00:00:13.229028,200,3,2,0.93192890423304,0.7214804809496526,0.8288351479088392,0.009186134169074595,1.9975484398502243,3,1,500,1.2233891323270547,450,3,1,1.322799438030209,0.01737526512913317,0.010665864372523677,0.8288633298428016,1.0360439348860488,1.2233891323270547,3.968398314090627,dual_text,0.7340713478971709,0.13411547243595123,0.8,0.8823529411764706,0.7317073170731707,COMPLETE
129,0.8056927041871655,2026-04-12 20:50:07.094411,2026-04-12 20:50:21.035026,0 days 00:00:13.940615,200,3,2,0.9336870338679782,0.6969466577373814,0.8289983451757422,0.009242980009543747,1.9524980744181226,3,1,500,1.265548062204834,450,3,1,1.346460189679609,0.017532632562291896,0.013242477409907106,0.8989556213034955,1.0362479314696778,1.265548062204834,4.039380569038826,dual_text,0.7377020117183101,0.14555302262306213,0.7945205479452054,0.90625,0.7073170731707317,COMPLETE
130,0.8054054376871672,2026-04-12 20:50:21.035660,2026-04-12 20:50:34.949758,0 days 00:00:13.914098,200,3,1,0.931037992783754,0.660217182636491,0.8270137414726276,0.009617960419735703,1.9557666433754046,3,1,500,1.1936588196933613,450,3,1,1.3437193649488774,0.017607230474768157,0.013775986555124678,0.8999169367124551,1.0337671768407846,1.1936588196933613,4.031158094846632,dual_text,0.7281264617183663,0.14170637726783752,0.7945205479452054,0.90625,0.7073170731707317,COMPLETE
131,0.8222052003815742,2026-04-12 20:50:34.949980,2026-04-12 20:50:48.842006,0 days 00:00:13.892026,200,3,1,0.9322673790307624,0.6855338826264477,0.8240468843232817,0.009461198226670206,1.9558124968063884,3,1,500,1.2012028237195336,450,3,1,1.3376704806306214,0.018487082189447068,0.013169754883670346,0.8977095263088206,1.030058605404102,1.2012028237195336,4.013011441891864,dual_text,0.7401733460524706,0.12132542580366135,0.8,0.8823529411764706,0.7317073170731707,COMPLETE
132,0.8057631884574493,2026-04-12 20:50:48.842231,2026-04-12 20:51:02.952975,0 days 00:00:14.110744,200,3,1,0.9329774331116628,0.7215768875509038,0.8358154468182392,0.009480202734489473,1.9568185500225954,3,1,500,1.2037396526265536,450,3,1,1.3385798999841427,0.017852540824326704,0.012534583868902903,0.8997286598245348,1.044769308522799,1.2037396526265536,4.015739699952428,dual_text,0.7400514873944352,0.14460550248622894,0.7945205479452054,0.90625,0.7073170731707317,COMPLETE
133,0.8052233742495709,2026-04-12 20:51:02.953201,2026-04-12 20:51:17.085626,0 days 00:00:14.132425,200,3,1,0.9075703323754208,1.0430050979574912,0.8612213886642273,0.010317843675726126,1.9568578445016627,3,1,500,1.2184947498318035,450,3,1,1.3333021898301782,0.031672516460956944,0.01260057754354056,0.8946901231602014,1.0765267358302841,1.2184947498318035,3.999906569490535,dual_text,0.7220576804651582,0.1177174299955368,0.7945205479452054,0.90625,0.7073170731707317,COMPLETE
134,0.7901241980053529,2026-04-12 20:51:17.086020,2026-04-12 20:51:30.794719,0 days 00:00:13.708699,200,3,1,0.8967263381012501,0.5313251207743039,0.8348355664513947,0.009205797824349249,1.993398558567674,3,1,500,1.2162585357674511,450,3,1,1.2850502909785946,0.025083806617899686,0.010332634864247792,0.9155098635460536,1.0435444580642432,1.2162585357674511,3.8551508729357837,dual_text,0.7234381791258014,0.12276869267225266,0.7894736842105263,0.8571428571428571,0.7317073170731707,COMPLETE
135,0.7597408515496029,2026-04-12 20:51:30.794940,2026-04-12 20:51:42.708320,0 days 00:00:11.913380,200,3,1,0.9143473839598605,3.2039554012075833,0.8897058101888667,0.008121494035795407,1.8823244645658557,3,1,500,1.1695756901716745,450,3,1,1.369553521417478,0.006860936559698951,0.012531257449637671,0.8986890123297538,1.1121322627360835,1.1695756901716745,4.1086605642524345,dual_text,0.7359504629088408,0.1733020842075348,0.7792207792207793,0.8333333333333334,0.7317073170731707,COMPLETE
136,0.8211199145135606,2026-04-12 20:51:42.708663,2026-04-12 20:51:56.853423,0 days 00:00:14.144760,200,3,1,0.9348084678911343,0.6866884109115863,0.7739889727833542,0.00869454512109954,1.953791897234412,3,1,600,1.203375117882235,450,3,1,1.257465514448952,0.021587465427759966,0.014670773723761242,0.903296948210892,0.9674862159791928,1.203375117882235,3.772396543346856,dual_text,0.7039971504520176,0.09966273605823517,0.8,0.8823529411764706,0.7317073170731707,COMPLETE
137,0.6784759665982175,2026-04-12 20:51:56.853730,2026-04-12 20:52:11.467473,0 days 00:00:14.613743,200,3,1,0.9441338953267446,0.9676956062653485,0.775759023894055,0.008670231337599843,1.8851397867041388,3,2,600,1.198357805410767,500,3,1,1.3227789516403667,0.026052096700498958,0.01521127092222916,0.9168451217053999,0.9696987798675688,1.198357805410767,3.9683368549211,dual_text,0.6245235619319249,0.10434142500162125,0.7532467532467533,0.8055555555555556,0.7073170731707317,COMPLETE
138,0.8212228010186396,2026-04-12 20:52:11.467885,2026-04-12 20:52:26.908670,0 days 00:00:15.440785,200,3,1,0.9236325466563586,0.44365827983143136,0.8439216915001825,0.01044862910762786,1.9689575402210047,3,1,600,1.2351971500252308,450,3,1,1.258059454614592,0.02111513053636834,0.011273848716531904,0.886043119787421,1.0549021143752282,1.2351971500252308,3.774178363843776,dual_text,0.7074267006213215,0.09199117124080658,0.8,0.8823529411764706,0.7317073170731707,COMPLETE
139,0.583149435043067,2026-04-12 20:52:26.909173,2026-04-12 20:52:40.915194,0 days 00:00:14.006021,200,3,1,0.5558639458085382,0.46999388957668625,0.8501858258214621,0.010573606222778878,1.9964489660226894,3,1,600,1.2260801595910609,450,3,1,1.2606444393033163,0.008244397165898601,0.011248599816460486,0.8865677924169942,1.0627322822768277,1.2260801595910609,3.7819333179099486,dual_text,0.4824912082628792,0.035416122525930405,0.7228915662650602,0.7142857142857143,0.7317073170731707,COMPLETE
140,0.7258392789198448,2026-04-12 20:52:40.915877,2026-04-12 20:52:55.446824,0 days 00:00:14.530947,200,3,1,0.925573944765355,0.4041366397245929,0.867598580792356,0.010041493265752575,1.907880789778769,3,2,600,1.235921261672206,450,3,1,1.2019606835825531,0.030978327221451732,0.018597636297384368,0.9091311052495482,1.084498225990445,1.235921261672206,3.6058820507476597,dual_text,0.6048990409179018,0.07998659461736679,0.7692307692307693,0.8108108108108109,0.7317073170731707,COMPLETE
141,0.759631242343747,2026-04-12 20:52:55.447163,2026-04-12 20:53:07.087743,0 days 00:00:11.640580,200,3,1,0.9390573072162739,3.7956270412960342,0.7775308252515181,0.008889293580229328,1.9468451380575669,3,1,500,1.1800463602396336,450,3,1,1.302600274781884,0.02091947198439021,0.01017276622285769,0.9039939951373857,0.9719135315643976,1.1800463602396336,3.9078008243456517,dual_text,0.7322968227136436,0.1492592841386795,0.7792207792207793,0.8333333333333334,0.7317073170731707,COMPLETE
142,0.8223002900659079,2026-04-12 20:53:07.087989,2026-04-12 20:53:21.256241,0 days 00:00:14.168252,200,3,1,0.9536614199982256,0.6756504744347147,0.7591137045949569,0.009497982201930254,1.9587695254292548,3,1,500,1.208015399847447,450,3,1,1.2552484724030446,0.010905581788353148,0.013916024206769372,0.8909963997931017,0.948892130743696,1.208015399847447,3.765745417209134,dual_text,0.7433430021969274,0.12054374068975449,0.8,0.8823529411764706,0.7317073170731707,COMPLETE
143,0.8220508243201536,2026-04-12 20:53:21.256513,2026-04-12 20:53:36.446444,0 days 00:00:15.189931,200,3,1,0.9541129852924245,0.5691762851661193,0.7571544069786984,0.007948002494264611,1.864953440193208,3,1,600,1.1697066310152637,450,3,1,1.2810413148190618,0.010817967704161912,0.013806103250520212,0.8719101180908628,0.9464430087233731,1.1697066310152637,3.8431239444571856,dual_text,0.7350274773384544,0.10144761204719543,0.8,0.8823529411764706,0.7317073170731707,COMPLETE
144,0.741090959653491,2026-04-12 20:53:36.446848,2026-04-12 20:53:52.582937,0 days 00:00:16.136089,200,3,1,0.964530685504418,0.14077217427596644,0.7292841709998611,0.007829322439836146,1.891124214805047,3,1,600,1.162802920453508,500,3,1,1.2724158617246153,0.012095170205976285,0.013887823142278875,0.872157808912743,0.9116052137498264,1.162802920453508,3.817247585173846,dual_text,0.7030319884497075,0.12557539343833923,0.7733333333333333,0.8529411764705882,0.7073170731707317,COMPLETE
145,0.8220562589446281,2026-04-12 20:53:52.583295,2026-04-12 20:54:08.807954,0 days 00:00:16.224659,200,3,1,0.9548105818717624,0.5478412141770974,0.7582356015507066,0.008381193881248123,1.8737719067198297,3,1,600,1.2151258796270952,450,3,1,1.2516682839331807,0.03697860853327885,0.011658889592452589,0.8825953624901676,0.9477945019383832,1.2151258796270952,3.7550048517995425,dual_text,0.735208631487603,0.10775931179523468,0.8,0.8823529411764706,0.7317073170731707,COMPLETE
146,-0.8973744654739783,2026-04-12 20:54:08.808224,2026-04-12 20:54:22.623235,0 days 00:00:13.815011,200,3,1,0.9539368246488517,0.5861646732795405,0.8184919567683491,0.008391377509175176,1.8679726368712226,3,8,600,1.207824342731947,450,3,1,1.2548330163382793,0.035716908912996295,0.011856591315434525,0.8830721019756071,1.0231149459604363,1.207824342731947,3.764499049014838,dual_text,0.14812387814012545,0.014183289371430874,0.23272727272727273,0.13675213675213677,0.7804878048780488,COMPLETE
147,0.8205931506293637,2026-04-12 20:54:22.623552,2026-04-12 20:54:36.622006,0 days 00:00:13.998454,200,3,1,0.946810462904011,0.3933011243780897,0.8485603467281226,0.012219676165957882,1.8658133192307167,3,1,600,1.1555956868845922,450,3,1,1.2840717552519236,0.010346429003986392,0.01863038505740296,0.8916359340460699,1.0607004334101533,1.1555956868845922,3.852215265755771,dual_text,0.6864383543121205,0.08117565512657166,0.8,0.8823529411764706,0.7317073170731707,COMPLETE
148,0.8206143665308917,2026-04-12 20:54:36.622243,2026-04-12 20:54:50.884578,0 days 00:00:14.262335,200,3,1,0.9471614235719688,0.36727704315328036,0.8845540799649831,0.012098408834013884,1.9573559247251289,3,1,600,1.1383201089870034,450,3,1,1.2799594421209406,0.005490578910745622,0.010050566892406453,0.8915559059213854,1.105692599956229,1.1383201089870034,3.839878326362822,dual_text,0.6871455510297203,0.07465491443872452,0.8,0.8823529411764706,0.7317073170731707,COMPLETE
149,0.788650769020344,2026-04-12 20:54:50.885039,2026-04-12 20:55:05.017585,0 days 00:00:14.132546,200,3,1,0.9133502772076912,0.37848142829581866,0.912546559343696,0.012432356956054928,1.9681961446015466,3,1,600,1.137370332588675,450,3,1,1.2743674117124584,0.005467367853685176,0.010065050192599718,0.8874459687731172,1.14068319917962,1.137370332588675,3.823102235137375,dual_text,0.6743238796255062,0.0794915109872818,0.7894736842105263,0.8571428571428571,0.7317073170731707,COMPLETE
